{"cls":"transform2D","insid":208,"prefab":"/Resources/auiPre/ui/panel","layer":0,"tag":"Untagged","name":"panel","isStatic":false,"children":[{"cls":"transform2D","insid":209,"prefab":"","layer":0,"tag":"Untagged","name":"panel","isStatic":false,"width":100,"height":100,"pivot":{"cls":"vector2","x":0,"y":0},"_visible":true,"localTranslate":{"cls":"vector2","x":0,"y":0},"localScale":{"cls":"vector2","x":1,"y":1},"localRotate":0,"isMask":false,"components":[{"cls":"image2D","color":{"cls":"color","r":1,"g":1,"b":1,"a":0.2},"imageType":0,"fillMethod":0,"fillAmmount":1,"_spriteName":"common.atlas.json_common_pic_shark","_imageBorder":{"cls":"border","l":0,"t":0,"r":0,"b":0}}],"layoutState":48,"layoutValueMap":{"16":0,"32":0},"layoutPercentState":0}],"width":100,"height":100,"pivot":{"cls":"vector2","x":0,"y":0},"_visible":true,"localTranslate":{"cls":"vector2","x":510.5,"y":310},"localScale":{"cls":"vector2","x":1,"y":1},"localRotate":0,"isMask":false,"layoutState":48,"layoutValueMap":{"16":0,"32":0},"layoutPercentState":0}