{"progressBar.cprefab.json":"{\"cls\":\"transform2D\",\"insid\":220,\"prefab\":\"/Resources/auiPre/ui/progressBar\",\"layer\":0,\"tag\":\"Untagged\",\"name\":\"progressBar\",\"isStatic\":false,\"children\":[{\"cls\":\"transform2D\",\"insid\":223,\"prefab\":\"\",\"layer\":0,\"tag\":\"Untagged\",\"name\":\"progressBar\",\"isStatic\":false,\"children\":[{\"cls\":\"transform2D\",\"insid\":224,\"prefab\":\"\",\"layer\":0,\"tag\":\"Untagged\",\"name\":\"cut\",\"isStatic\":false,\"children\":[{\"cls\":\"transform2D\",\"insid\":225,\"prefab\":\"\",\"layer\":0,\"tag\":\"Untagged\",\"name\":\"overbar\",\"isStatic\":false,\"width\":160,\"height\":20,\"pivot\":{\"cls\":\"vector2\",\"x\":0,\"y\":0},\"_visible\":true,\"localTranslate\":{\"cls\":\"vector2\",\"x\":0,\"y\":0},\"localScale\":{\"cls\":\"vector2\",\"x\":1,\"y\":1},\"localRotate\":0,\"isMask\":false,\"components\":[{\"cls\":\"image2D\",\"color\":{\"cls\":\"color\",\"r\":1,\"g\":1,\"b\":1,\"a\":1},\"imageType\":0,\"fillMethod\":0,\"fillAmmount\":1,\"_spriteName\":\"common.atlas.json_common_pic_renwujindu\",\"_imageBorder\":{\"cls\":\"border\",\"l\":0,\"t\":0,\"r\":0,\"b\":0}}],\"layoutState\":11,\"layoutValueMap\":{\"1\":0,\"2\":0,\"8\":0},\"layoutPercentState\":0}],\"width\":96,\"height\":20,\"pivot\":{\"cls\":\"vector2\",\"x\":0,\"y\":0},\"_visible\":true,\"localTranslate\":{\"cls\":\"vector2\",\"x\":0,\"y\":0},\"localScale\":{\"cls\":\"vector2\",\"x\":1,\"y\":1},\"localRotate\":0,\"isMask\":true,\"layoutState\":11,\"layoutValueMap\":{\"1\":0,\"2\":0,\"8\":0},\"layoutPercentState\":0}],\"width\":160,\"height\":20,\"pivot\":{\"cls\":\"vector2\",\"x\":0,\"y\":0},\"_visible\":true,\"localTranslate\":{\"cls\":\"vector2\",\"x\":0,\"y\":0},\"localScale\":{\"cls\":\"vector2\",\"x\":1,\"y\":1},\"localRotate\":0,\"isMask\":false,\"components\":[{\"cls\":\"progressbar\",\"cutPanel\":{\"cls\":\"transform2D\",\"refid\":224},\"barBg\":{\"cls\":\"image2D\",\"refid\":223},\"barOverImg\":{\"cls\":\"image2D\",\"refid\":225},\"value\":0.6},{\"cls\":\"image2D\",\"color\":{\"cls\":\"color\",\"r\":0.6,\"g\":0.6,\"b\":0.6,\"a\":1},\"imageType\":0,\"fillMethod\":0,\"fillAmmount\":1,\"_spriteName\":\"common.atlas.json_common_pic_renwujindudi\",\"_imageBorder\":{\"cls\":\"border\",\"l\":0,\"t\":0,\"r\":0,\"b\":0}}],\"layoutState\":48,\"layoutValueMap\":{\"16\":0,\"32\":0},\"layoutPercentState\":0}],\"width\":160,\"height\":20,\"pivot\":{\"cls\":\"vector2\",\"x\":0,\"y\":0},\"_visible\":true,\"localTranslate\":{\"cls\":\"vector2\",\"x\":480.5,\"y\":350},\"localScale\":{\"cls\":\"vector2\",\"x\":1,\"y\":1},\"localRotate\":0,\"isMask\":false,\"layoutState\":48,\"layoutValueMap\":{\"16\":0,\"32\":0},\"layoutPercentState\":0}"}