{
	"member": [
		{
			"kind": "member",
			"type": "number",
			"name": "bu",
			"memberof": "gd3d.framework.pickinfo",
			"scope": "instance",
			"default": "0"
		},
		{
			"kind": "member",
			"type": "number",
			"name": "bv",
			"memberof": "gd3d.framework.pickinfo",
			"scope": "instance",
			"default": "0"
		},
		{
			"kind": "member",
			"type": "number",
			"name": "distance",
			"memberof": "gd3d.framework.pickinfo",
			"scope": "instance"
		},
		{
			"kind": "member",
			"type": "number",
			"name": "faceId",
			"memberof": "gd3d.framework.pickinfo",
			"scope": "instance",
			"default": "-1"
		},
		{
			"kind": "member",
			"type": "gd3d.math.vector3",
			"name": "hitposition",
			"memberof": "gd3d.framework.pickinfo",
			"scope": "instance",
			"default": "new gd3d.math.vector3()"
		},
		{
			"kind": "member",
			"type": "gd3d.framework.transform",
			"name": "pickedtran",
			"memberof": "gd3d.framework.pickinfo",
			"scope": "instance"
		},
		{
			"kind": "member",
			"type": "number",
			"name": "subMeshId",
			"memberof": "gd3d.framework.pickinfo",
			"scope": "instance",
			"default": "0"
		}
	],
	"function": [
		{
			"kind": "function",
			"name": "pickinfo",
			"memberof": "gd3d.framework.pickinfo",
			"scope": "instance",
			"params": [
				{
					"name": "_bu",
					"type": "number",
					"description": ""
				},
				{
					"name": "_bv",
					"type": "number",
					"description": ""
				},
				{
					"name": "_distance",
					"type": "number",
					"description": ""
				}
			]
		}
	],
	"globalMember": [],
	"globalFunction": [],
	"class": {
		"kind": "class",
		"name": "pickinfo",
		"memberof": "gd3d.framework",
		"filename": "framework\\tool\\pickinfo.ts"
	}
}