{
	"member": [
		{
			"kind": "member",
			"type": "number",
			"name": "EmissionType",
			"memberof": "gd3d.framework.EffectElementTypeEnum",
			"scope": "static",
			"default": "1"
		},
		{
			"kind": "member",
			"type": "number",
			"name": "MultiMeshType",
			"memberof": "gd3d.framework.EffectElementTypeEnum",
			"scope": "static",
			"default": "2"
		},
		{
			"kind": "member",
			"type": "number",
			"name": "SingleMeshType",
			"memberof": "gd3d.framework.EffectElementTypeEnum",
			"scope": "static",
			"default": "0"
		}
	],
	"function": [],
	"globalMember": [],
	"globalFunction": [],
	"class": {
		"kind": "enum",
		"name": "EffectElementTypeEnum",
		"memberof": "gd3d.framework",
		"filename": "framework\\particle\\data\\effectalldata.ts"
	}
}