{
	"member": [
		{
			"kind": "member",
			"type": "gd3d.framework.aabb",
			"name": "aabb",
			"memberof": "gd3d.framework.transform",
			"scope": "instance",
			"description": "//自己的aabb"
		},
		{
			"kind": "member",
			"type": "gd3d.framework.aabb",
			"name": "aabbchild",
			"memberof": "gd3d.framework.transform",
			"scope": "instance",
			"description": "//包含自己和所有子物体的aabb"
		},
		{
			"kind": "member",
			"type": "number",
			"name": "abc",
			"memberof": "gd3d.framework.transform",
			"scope": "instance",
			"rwType": 1
		},
		{
			"kind": "member",
			"type": "gd3d.framework.transform[]",
			"name": "children",
			"memberof": "gd3d.framework.transform",
			"scope": "instance",
			"description": "//父子关系"
		},
		{
			"kind": "member",
			"name": "gameObject",
			"memberof": "gd3d.framework.transform",
			"scope": "instance",
			"rwType": 1
		},
		{
			"kind": "member",
			"type": "gd3d.framework.insID",
			"name": "insId",
			"memberof": "gd3d.framework.transform",
			"scope": "instance",
			"default": "new insID()"
		},
		{
			"kind": "member",
			"type": "gd3d.math.quaternion",
			"name": "localRotate",
			"memberof": "gd3d.framework.transform",
			"scope": "instance",
			"description": "//本地rts",
			"default": "new gd3d.math.quaternion()"
		},
		{
			"kind": "member",
			"type": "gd3d.math.vector3",
			"name": "localScale",
			"memberof": "gd3d.framework.transform",
			"scope": "instance",
			"default": "new gd3d.math.vector3(1, 1, 1)"
		},
		{
			"kind": "member",
			"type": "gd3d.math.vector3",
			"name": "localTranslate",
			"memberof": "gd3d.framework.transform",
			"scope": "instance",
			"default": "new gd3d.math.vector3(0, 0, 0)"
		},
		{
			"kind": "member",
			"type": "string",
			"name": "name",
			"memberof": "gd3d.framework.transform",
			"scope": "instance",
			"default": "\"noname\""
		},
		{
			"kind": "member",
			"type": "gd3d.framework.transform",
			"name": "parent",
			"memberof": "gd3d.framework.transform",
			"scope": "instance"
		},
		{
			"kind": "member",
			"type": "string",
			"name": "prefab",
			"memberof": "gd3d.framework.transform",
			"scope": "instance",
			"description": "//当前节点依赖的prefab路径，如果不依赖，则为空",
			"default": "null"
		},
		{
			"kind": "member",
			"type": "gd3d.framework.scene",
			"name": "scene",
			"memberof": "gd3d.framework.transform",
			"scope": "instance"
		}
	],
	"function": [
		{
			"kind": "function",
			"name": "addChild",
			"memberof": "gd3d.framework.transform",
			"scope": "instance",
			"params": [
				{
					"name": "node",
					"type": "gd3d.framework.transform",
					"description": ""
				}
			]
		},
		{
			"kind": "function",
			"name": "addChildAt",
			"memberof": "gd3d.framework.transform",
			"scope": "instance",
			"params": [
				{
					"name": "node",
					"type": "gd3d.framework.transform",
					"description": ""
				},
				{
					"name": "index",
					"type": "number",
					"description": ""
				}
			]
		},
		{
			"kind": "function",
			"type": "Array<gd3d.framework.transform>",
			"name": "checkImpact",
			"memberof": "gd3d.framework.transform",
			"scope": "instance",
			"description": "//返回场景中所有与当前tranform碰撞的transform"
		},
		{
			"kind": "function",
			"type": "boolean",
			"name": "checkImpactTran",
			"memberof": "gd3d.framework.transform",
			"scope": "instance",
			"description": "//先丢在这",
			"params": [
				{
					"name": "tran",
					"type": "gd3d.framework.transform",
					"description": ""
				}
			]
		},
		{
			"kind": "function",
			"name": "doImpact",
			"memberof": "gd3d.framework.transform",
			"scope": "instance",
			"params": [
				{
					"name": "tran",
					"type": "gd3d.framework.transform",
					"description": ""
				},
				{
					"name": "impacted",
					"type": "Array<gd3d.framework.transform>",
					"description": ""
				}
			]
		},
		{
			"kind": "function",
			"type": "gd3d.framework.transform",
			"name": "find",
			"memberof": "gd3d.framework.transform",
			"scope": "instance",
			"params": [
				{
					"name": "name",
					"type": "string",
					"description": ""
				}
			]
		},
		{
			"kind": "function",
			"name": "getForwardInWorld",
			"memberof": "gd3d.framework.transform",
			"scope": "instance",
			"params": [
				{
					"name": "out",
					"type": "gd3d.math.vector3",
					"description": ""
				}
			]
		},
		{
			"kind": "function",
			"type": "gd3d.math.matrix",
			"name": "getLocalMatrix",
			"memberof": "gd3d.framework.transform",
			"scope": "instance"
		},
		{
			"kind": "function",
			"name": "getRightInWorld",
			"memberof": "gd3d.framework.transform",
			"scope": "instance",
			"params": [
				{
					"name": "out",
					"type": "gd3d.math.vector3",
					"description": ""
				}
			]
		},
		{
			"kind": "function",
			"name": "getUpInWorld",
			"memberof": "gd3d.framework.transform",
			"scope": "instance",
			"params": [
				{
					"name": "out",
					"type": "gd3d.math.vector3",
					"description": ""
				}
			]
		},
		{
			"kind": "function",
			"type": "gd3d.math.matrix",
			"name": "getWorldMatrix",
			"memberof": "gd3d.framework.transform",
			"scope": "instance"
		},
		{
			"kind": "function",
			"name": "getWorldRotate",
			"memberof": "gd3d.framework.transform",
			"scope": "instance"
		},
		{
			"kind": "function",
			"name": "getWorldScale",
			"memberof": "gd3d.framework.transform",
			"scope": "instance"
		},
		{
			"kind": "function",
			"name": "getWorldTranslate",
			"memberof": "gd3d.framework.transform",
			"scope": "instance",
			"description": "//得到世界信息要先updateWorldTran，并且解算"
		},
		{
			"kind": "function",
			"name": "lookat",
			"memberof": "gd3d.framework.transform",
			"scope": "instance",
			"description": "//修改 localRotate",
			"params": [
				{
					"name": "trans",
					"type": "gd3d.framework.transform",
					"description": ""
				}
			]
		},
		{
			"kind": "function",
			"name": "lookatPoint",
			"memberof": "gd3d.framework.transform",
			"scope": "instance",
			"params": [
				{
					"name": "point",
					"type": "gd3d.math.vector3",
					"description": ""
				}
			]
		},
		{
			"kind": "function",
			"name": "markDirty",
			"memberof": "gd3d.framework.transform",
			"scope": "instance",
			"description": "//矩阵关系"
		},
		{
			"kind": "function",
			"name": "removeChild",
			"memberof": "gd3d.framework.transform",
			"scope": "instance",
			"params": [
				{
					"name": "node",
					"type": "gd3d.framework.transform",
					"description": ""
				}
			]
		},
		{
			"kind": "function",
			"name": "setWorldMatrix",
			"memberof": "gd3d.framework.transform",
			"scope": "instance",
			"description": "//其他辅助功能,这个实现必须要通过修改 local sth 来完成",
			"params": [
				{
					"name": "mat",
					"type": "gd3d.math.matrix",
					"description": ""
				}
			]
		},
		{
			"kind": "function",
			"name": "setWorldPosition",
			"memberof": "gd3d.framework.transform",
			"scope": "instance",
			"params": [
				{
					"name": "pos",
					"type": "gd3d.math.vector3",
					"description": ""
				}
			]
		},
		{
			"kind": "function",
			"name": "updateTran",
			"memberof": "gd3d.framework.transform",
			"scope": "instance",
			"params": [
				{
					"name": "parentChange",
					"type": "boolean",
					"description": ""
				}
			]
		},
		{
			"kind": "function",
			"name": "updateWorldTran",
			"memberof": "gd3d.framework.transform",
			"scope": "instance",
			"description": "//刷新自己这一条线，以得到正确的worldMatrix信息"
		}
	],
	"globalMember": [],
	"globalFunction": [],
	"class": {
		"kind": "class",
		"name": "transform",
		"memberof": "gd3d.framework",
		"filename": "framework\\transform\\transform.ts",
		"description": "//还是拆开了"
	}
}