{
	"member": [
		{
			"kind": "member",
			"type": "number",
			"name": "CCW",
			"memberof": "gd3d.render.CullStateEnum",
			"scope": "static",
			"default": "1"
		},
		{
			"kind": "member",
			"type": "number",
			"name": "CCW",
			"memberof": "gd3d.render.CullStateEnum",
			"scope": "static",
			"default": "1"
		},
		{
			"kind": "member",
			"type": "number",
			"name": "CW",
			"memberof": "gd3d.render.CullStateEnum",
			"scope": "static",
			"default": "2"
		},
		{
			"kind": "member",
			"type": "number",
			"name": "CW",
			"memberof": "gd3d.render.CullStateEnum",
			"scope": "static",
			"default": "2"
		},
		{
			"kind": "member",
			"type": "number",
			"name": "None",
			"memberof": "gd3d.render.CullStateEnum",
			"scope": "static",
			"default": "0"
		},
		{
			"kind": "member",
			"type": "number",
			"name": "None",
			"memberof": "gd3d.render.CullStateEnum",
			"scope": "static",
			"default": "0"
		}
	],
	"function": [],
	"globalMember": [],
	"globalFunction": [],
	"class": {
		"kind": "enum",
		"name": "CullStateEnum",
		"memberof": "gd3d.render",
		"filename": "render\\renderer\\drawpass.ts"
	}
}