{
	"member": [
		{
			"kind": "member",
			"type": "number",
			"name": "Boom",
			"memberof": "gd3d.framework.VerticalType",
			"scope": "static",
			"default": "2"
		},
		{
			"kind": "member",
			"type": "number",
			"name": "Center",
			"memberof": "gd3d.framework.VerticalType",
			"scope": "static",
			"default": "0"
		},
		{
			"kind": "member",
			"type": "number",
			"name": "Top",
			"memberof": "gd3d.framework.VerticalType",
			"scope": "static",
			"default": "1"
		}
	],
	"function": [],
	"globalMember": [],
	"globalFunction": [],
	"class": {
		"kind": "enum",
		"name": "VerticalType",
		"memberof": "gd3d.framework",
		"filename": "framework\\2d\\component\\label.ts"
	}
}