{
	"member": [
		{
			"kind": "member",
			"type": "boolean",
			"name": "alwaysUp",
			"memberof": "gd3d.framework.Trail",
			"scope": "instance",
			"description": "//是否为世界坐标上方",
			"default": "false"
		},
		{
			"kind": "member",
			"type": "gd3d.framework.TrailSection",
			"name": "currentSection",
			"memberof": "gd3d.framework.Trail",
			"scope": "instance"
		},
		{
			"kind": "member",
			"type": "number",
			"name": "desiredTime",
			"memberof": "gd3d.framework.Trail",
			"scope": "instance",
			"description": "//最终期望拖尾时间长度",
			"default": "2.0"
		},
		{
			"kind": "member",
			"type": "gd3d.framework.Color",
			"name": "endColor",
			"memberof": "gd3d.framework.Trail",
			"scope": "instance",
			"default": "new Color(1, 1, 1, 0)"
		},
		{
			"kind": "member",
			"type": "number",
			"name": "height",
			"memberof": "gd3d.framework.Trail",
			"scope": "instance",
			"description": "//拖尾大小",
			"default": "200.0"
		},
		{
			"kind": "member",
			"type": "number",
			"name": "maxvercount",
			"memberof": "gd3d.framework.Trail",
			"scope": "instance"
		},
		{
			"kind": "member",
			"type": "number",
			"name": "minDistance",
			"memberof": "gd3d.framework.Trail",
			"scope": "instance",
			"description": "//最小拖尾距离",
			"default": "0.1"
		},
		{
			"kind": "member",
			"type": "number",
			"name": "now",
			"memberof": "gd3d.framework.Trail",
			"scope": "instance",
			"default": "0"
		},
		{
			"kind": "member",
			"type": "gd3d.math.vector3",
			"name": "obj",
			"memberof": "gd3d.framework.Trail",
			"scope": "instance"
		},
		{
			"kind": "member",
			"type": "gd3d.math.vector3",
			"name": "position",
			"memberof": "gd3d.framework.Trail",
			"scope": "instance"
		},
		{
			"kind": "member",
			"type": "gd3d.framework.Color",
			"name": "startColor",
			"memberof": "gd3d.framework.Trail",
			"scope": "instance",
			"default": "Color.white()"
		},
		{
			"kind": "member",
			"type": "number",
			"name": "time",
			"memberof": "gd3d.framework.Trail",
			"scope": "instance",
			"description": "//当前拖尾时间长度",
			"default": "2.0"
		},
		{
			"kind": "member",
			"type": "number",
			"name": "timeTransitionSpeed",
			"memberof": "gd3d.framework.Trail",
			"scope": "instance",
			"description": "//时间变化速度",
			"default": "1"
		}
	],
	"function": [
		{
			"kind": "function",
			"name": "Trail",
			"memberof": "gd3d.framework.Trail",
			"scope": "instance",
			"params": [
				{
					"name": "_obj",
					"type": "gd3d.math.vector3",
					"description": ""
				},
				{
					"name": "_mesh",
					"type": "gd3d.framework.mesh",
					"description": ""
				}
			]
		},
		{
			"kind": "function",
			"name": "Itterate",
			"memberof": "gd3d.framework.Trail",
			"scope": "instance",
			"params": [
				{
					"name": "itterateTime",
					"type": "number",
					"description": ""
				}
			]
		},
		{
			"kind": "function",
			"name": "fadeOut",
			"memberof": "gd3d.framework.Trail",
			"scope": "instance",
			"description": "//关闭拖尾 fadeTime淡出时间",
			"params": [
				{
					"name": "fadeTime",
					"type": "number",
					"description": ""
				}
			]
		},
		{
			"kind": "function",
			"name": "setTime",
			"memberof": "gd3d.framework.Trail",
			"scope": "instance",
			"description": "//设置拖尾时间",
			"params": [
				{
					"name": "trailTime",
					"type": "number",
					"description": ""
				},
				{
					"name": "timeToTweenTo",
					"type": "number",
					"description": ""
				},
				{
					"name": "tweenSpeed",
					"type": "number",
					"description": ""
				}
			]
		},
		{
			"kind": "function",
			"name": "startTrail",
			"memberof": "gd3d.framework.Trail",
			"scope": "instance",
			"params": [
				{
					"name": "timeToTweenTo",
					"type": "number",
					"description": ""
				},
				{
					"name": "fadeInTime",
					"type": "number",
					"description": ""
				}
			]
		},
		{
			"kind": "function",
			"name": "updateTrail",
			"memberof": "gd3d.framework.Trail",
			"scope": "instance",
			"params": [
				{
					"name": "currentTime",
					"type": "number",
					"description": ""
				},
				{
					"name": "deltaTime",
					"type": "number",
					"description": ""
				}
			]
		}
	],
	"globalMember": [],
	"globalFunction": [],
	"class": {
		"kind": "class",
		"name": "Trail",
		"memberof": "gd3d.framework",
		"filename": "framework\\component\\particle\\particletool\\trail.ts"
	}
}