{
	"member": [
		{
			"kind": "member",
			"type": "number",
			"name": "length",
			"memberof": "gd3d.io.binTool",
			"scope": "instance",
			"rwType": 1
		}
	],
	"function": [
		{
			"kind": "function",
			"type": "number",
			"name": "getBufLength",
			"memberof": "gd3d.io.binBuffer",
			"scope": "instance",
			"inherited": true,
			"inherits": "gd3d.io.binBuffer"
		},
		{
			"kind": "function",
			"type": "Uint8Array",
			"name": "getBuffer",
			"memberof": "gd3d.io.binBuffer",
			"scope": "instance",
			"inherited": true,
			"inherits": "gd3d.io.binBuffer"
		},
		{
			"kind": "function",
			"type": "number",
			"name": "getBytesAvailable",
			"memberof": "gd3d.io.binBuffer",
			"scope": "instance",
			"description": "剩余有效可读字节",
			"inherited": true,
			"inherits": "gd3d.io.binBuffer"
		},
		{
			"kind": "function",
			"type": "number",
			"name": "getLength",
			"memberof": "gd3d.io.binBuffer",
			"scope": "instance",
			"inherited": true,
			"inherits": "gd3d.io.binBuffer"
		},
		{
			"kind": "function",
			"type": "Uint8Array",
			"name": "getUint8Array",
			"memberof": "gd3d.io.binBuffer",
			"scope": "instance",
			"inherited": true,
			"inherits": "gd3d.io.binBuffer"
		},
		{
			"kind": "function",
			"type": "boolean",
			"name": "readBoolean",
			"memberof": "gd3d.io.binTool",
			"scope": "instance"
		},
		{
			"kind": "function",
			"type": "number",
			"name": "readByte",
			"memberof": "gd3d.io.binTool",
			"scope": "instance"
		},
		{
			"kind": "function",
			"type": "Uint8Array",
			"name": "readBytes",
			"memberof": "gd3d.io.binTool",
			"scope": "instance",
			"params": [
				{
					"name": "length",
					"type": "number",
					"description": ""
				}
			]
		},
		{
			"kind": "function",
			"type": "number",
			"name": "readDouble",
			"memberof": "gd3d.io.binTool",
			"scope": "instance"
		},
		{
			"kind": "function",
			"type": "number",
			"name": "readFloat",
			"memberof": "gd3d.io.binTool",
			"scope": "instance"
		},
		{
			"kind": "function",
			"type": "number",
			"name": "readInt",
			"memberof": "gd3d.io.binTool",
			"scope": "instance"
		},
		{
			"kind": "function",
			"type": "number",
			"name": "readInt16",
			"memberof": "gd3d.io.binTool",
			"scope": "instance"
		},
		{
			"kind": "function",
			"type": "number",
			"name": "readInt32",
			"memberof": "gd3d.io.binTool",
			"scope": "instance"
		},
		{
			"kind": "function",
			"type": "number",
			"name": "readInt8",
			"memberof": "gd3d.io.binTool",
			"scope": "instance"
		},
		{
			"kind": "function",
			"type": "number",
			"name": "readShort",
			"memberof": "gd3d.io.binTool",
			"scope": "instance"
		},
		{
			"kind": "function",
			"type": "number",
			"name": "readSingle",
			"memberof": "gd3d.io.binTool",
			"scope": "instance"
		},
		{
			"kind": "function",
			"type": "string",
			"name": "readStringAnsi",
			"memberof": "gd3d.io.binTool",
			"scope": "instance"
		},
		{
			"kind": "function",
			"type": "string",
			"name": "readStringUtf8",
			"memberof": "gd3d.io.binTool",
			"scope": "instance"
		},
		{
			"kind": "function",
			"type": "string",
			"name": "readStringUtf8FixLength",
			"memberof": "gd3d.io.binTool",
			"scope": "instance",
			"params": [
				{
					"name": "length",
					"type": "number",
					"description": ""
				}
			]
		},
		{
			"kind": "function",
			"type": "number",
			"name": "readSymbolByte",
			"memberof": "gd3d.io.binTool",
			"scope": "instance",
			"description": "/// </summary>"
		},
		{
			"kind": "function",
			"type": "number",
			"name": "readUInt16",
			"memberof": "gd3d.io.binTool",
			"scope": "instance"
		},
		{
			"kind": "function",
			"type": "number",
			"name": "readUInt32",
			"memberof": "gd3d.io.binTool",
			"scope": "instance"
		},
		{
			"kind": "function",
			"type": "number",
			"name": "readUInt8",
			"memberof": "gd3d.io.binTool",
			"scope": "instance"
		},
		{
			"kind": "function",
			"type": "string",
			"name": "readUTFBytes",
			"memberof": "gd3d.io.binTool",
			"scope": "instance",
			"params": [
				{
					"name": "length",
					"type": "number",
					"description": ""
				}
			]
		},
		{
			"kind": "function",
			"type": "number",
			"name": "readUnsignedInt",
			"memberof": "gd3d.io.binTool",
			"scope": "instance"
		},
		{
			"kind": "function",
			"type": "number",
			"name": "readUnsignedShort",
			"memberof": "gd3d.io.binTool",
			"scope": "instance"
		},
		{
			"kind": "function",
			"type": "void",
			"name": "writeByte",
			"memberof": "gd3d.io.binTool",
			"scope": "instance",
			"params": [
				{
					"name": "num",
					"type": "number",
					"description": ""
				}
			]
		},
		{
			"kind": "function",
			"name": "writeBytes",
			"memberof": "gd3d.io.binTool",
			"scope": "instance",
			"params": [
				{
					"name": "array",
					"type": "Uint8Array|number[]",
					"description": ""
				},
				{
					"name": "offset",
					"type": "number",
					"default": "0",
					"description": ""
				},
				{
					"name": "length",
					"type": "number",
					"default": "-1",
					"description": ""
				}
			]
		},
		{
			"kind": "function",
			"type": "void",
			"name": "writeDouble",
			"memberof": "gd3d.io.binTool",
			"scope": "instance",
			"params": [
				{
					"name": "num",
					"type": "number",
					"description": ""
				}
			]
		},
		{
			"kind": "function",
			"type": "void",
			"name": "writeFloat",
			"memberof": "gd3d.io.binTool",
			"scope": "instance",
			"params": [
				{
					"name": "num",
					"type": "number",
					"description": ""
				}
			]
		},
		{
			"kind": "function",
			"type": "void",
			"name": "writeInt",
			"memberof": "gd3d.io.binTool",
			"scope": "instance",
			"params": [
				{
					"name": "num",
					"type": "number",
					"description": ""
				}
			]
		},
		{
			"kind": "function",
			"type": "void",
			"name": "writeInt16",
			"memberof": "gd3d.io.binTool",
			"scope": "instance",
			"params": [
				{
					"name": "num",
					"type": "number",
					"description": ""
				}
			]
		},
		{
			"kind": "function",
			"type": "void",
			"name": "writeInt32",
			"memberof": "gd3d.io.binTool",
			"scope": "instance",
			"params": [
				{
					"name": "num",
					"type": "number",
					"description": ""
				}
			]
		},
		{
			"kind": "function",
			"type": "void",
			"name": "writeInt8",
			"memberof": "gd3d.io.binTool",
			"scope": "instance",
			"params": [
				{
					"name": "num",
					"type": "number",
					"description": ""
				}
			]
		},
		{
			"kind": "function",
			"type": "void",
			"name": "writeShort",
			"memberof": "gd3d.io.binTool",
			"scope": "instance",
			"params": [
				{
					"name": "num",
					"type": "number",
					"description": ""
				}
			]
		},
		{
			"kind": "function",
			"type": "void",
			"name": "writeSingle",
			"memberof": "gd3d.io.binTool",
			"scope": "instance",
			"params": [
				{
					"name": "num",
					"type": "number",
					"description": ""
				}
			]
		},
		{
			"kind": "function",
			"type": "void",
			"name": "writeStringAnsi",
			"memberof": "gd3d.io.binTool",
			"scope": "instance",
			"params": [
				{
					"name": "str",
					"type": "string",
					"description": ""
				}
			]
		},
		{
			"kind": "function",
			"name": "writeStringUtf8",
			"memberof": "gd3d.io.binTool",
			"scope": "instance",
			"params": [
				{
					"name": "str",
					"type": "string",
					"description": ""
				}
			]
		},
		{
			"kind": "function",
			"name": "writeStringUtf8DataOnly",
			"memberof": "gd3d.io.binTool",
			"scope": "instance",
			"params": [
				{
					"name": "str",
					"type": "string",
					"description": ""
				}
			]
		},
		{
			"kind": "function",
			"type": "void",
			"name": "writeSymbolByte",
			"memberof": "gd3d.io.binTool",
			"scope": "instance",
			"description": "/// </summary>",
			"params": [
				{
					"name": "num",
					"type": "number",
					"description": ""
				}
			]
		},
		{
			"kind": "function",
			"type": "void",
			"name": "writeUInt16",
			"memberof": "gd3d.io.binTool",
			"scope": "instance",
			"params": [
				{
					"name": "num",
					"type": "number",
					"description": ""
				}
			]
		},
		{
			"kind": "function",
			"type": "void",
			"name": "writeUInt32",
			"memberof": "gd3d.io.binTool",
			"scope": "instance",
			"params": [
				{
					"name": "num",
					"type": "number",
					"description": ""
				}
			]
		},
		{
			"kind": "function",
			"type": "void",
			"name": "writeUInt8",
			"memberof": "gd3d.io.binTool",
			"scope": "instance",
			"params": [
				{
					"name": "num",
					"type": "number",
					"description": ""
				}
			]
		},
		{
			"kind": "function",
			"type": "void",
			"name": "writeUTFBytes",
			"memberof": "gd3d.io.binTool",
			"scope": "instance",
			"params": [
				{
					"name": "str",
					"type": "string",
					"description": ""
				}
			]
		},
		{
			"kind": "function",
			"name": "writeUint8Array",
			"memberof": "gd3d.io.binTool",
			"scope": "instance",
			"params": [
				{
					"name": "array",
					"type": "Uint8Array|number[]",
					"description": ""
				},
				{
					"name": "offset",
					"type": "number",
					"default": "0",
					"description": ""
				},
				{
					"name": "length",
					"type": "number",
					"default": "-1",
					"description": ""
				}
			]
		},
		{
			"kind": "function",
			"type": "void",
			"name": "writeUnsignedInt",
			"memberof": "gd3d.io.binTool",
			"scope": "instance",
			"params": [
				{
					"name": "num",
					"type": "number",
					"description": ""
				}
			]
		},
		{
			"kind": "function",
			"type": "void",
			"name": "writeUnsignedShort",
			"memberof": "gd3d.io.binTool",
			"scope": "instance",
			"params": [
				{
					"name": "num",
					"type": "number",
					"description": ""
				}
			]
		}
	],
	"globalMember": [],
	"globalFunction": [],
	"class": {
		"kind": "class",
		"name": "binTool",
		"memberof": "gd3d.io",
		"filename": "framework\\io\\binBuffer.ts",
		"augments": [
			"gd3d.io.binBuffer"
		]
	}
}