{
	"member": [],
	"function": [
		{
			"kind": "function",
			"name": "move",
			"memberof": "gd3d.framework.ITask",
			"scope": "instance",
			"params": [
				{
					"name": "delta",
					"type": "number",
					"description": ""
				},
				{
					"name": "laststate",
					"type": "gd3d.framework.taskstate",
					"description": ""
				},
				{
					"name": "state",
					"type": "gd3d.framework.taskstate",
					"description": ""
				}
			]
		}
	],
	"globalMember": [],
	"globalFunction": [],
	"class": {
		"kind": "interface",
		"name": "ITask",
		"memberof": "gd3d.framework",
		"filename": "framework\\task\\taskmgr.ts"
	}
}