{
	"member": [
		{
			"kind": "member",
			"type": "number",
			"name": "id",
			"memberof": "gd3d.framework.pointinfo",
			"scope": "instance"
		},
		{
			"kind": "member",
			"type": "boolean",
			"name": "touch",
			"memberof": "gd3d.framework.pointinfo",
			"scope": "instance"
		},
		{
			"kind": "member",
			"type": "number",
			"name": "x",
			"memberof": "gd3d.framework.pointinfo",
			"scope": "instance"
		},
		{
			"kind": "member",
			"type": "number",
			"name": "y",
			"memberof": "gd3d.framework.pointinfo",
			"scope": "instance"
		}
	],
	"function": [],
	"globalMember": [],
	"globalFunction": [],
	"class": {
		"kind": "class",
		"name": "pointinfo",
		"memberof": "gd3d.framework",
		"filename": "framework\\input\\inputmgr.ts",
		"description": "鼠标(触屏)点击信息",
		"version": "egret-gd3d 1.0"
	}
}