{
	"member": [
		{
			"kind": "member",
			"type": "number",
			"name": "w",
			"memberof": "gd3d.math.quaternion",
			"scope": "instance"
		},
		{
			"kind": "member",
			"type": "number",
			"name": "w",
			"memberof": "gd3d.math.quaternion",
			"scope": "instance"
		},
		{
			"kind": "member",
			"type": "number",
			"name": "x",
			"memberof": "gd3d.math.quaternion",
			"scope": "instance"
		},
		{
			"kind": "member",
			"type": "number",
			"name": "x",
			"memberof": "gd3d.math.quaternion",
			"scope": "instance"
		},
		{
			"kind": "member",
			"type": "number",
			"name": "y",
			"memberof": "gd3d.math.quaternion",
			"scope": "instance"
		},
		{
			"kind": "member",
			"type": "number",
			"name": "y",
			"memberof": "gd3d.math.quaternion",
			"scope": "instance"
		},
		{
			"kind": "member",
			"type": "number",
			"name": "z",
			"memberof": "gd3d.math.quaternion",
			"scope": "instance"
		},
		{
			"kind": "member",
			"type": "number",
			"name": "z",
			"memberof": "gd3d.math.quaternion",
			"scope": "instance"
		}
	],
	"function": [
		{
			"kind": "function",
			"name": "quaternion",
			"memberof": "gd3d.math.quaternion",
			"scope": "instance",
			"params": [
				{
					"name": "x",
					"question": true,
					"type": "number",
					"description": ""
				},
				{
					"name": "y",
					"question": true,
					"type": "number",
					"description": ""
				},
				{
					"name": "z",
					"question": true,
					"type": "number",
					"description": ""
				},
				{
					"name": "w",
					"question": true,
					"type": "number",
					"description": ""
				}
			]
		},
		{
			"kind": "function",
			"name": "constructor",
			"memberof": "gd3d.math.quaternion",
			"scope": "instance",
			"params": [
				{
					"name": "x",
					"type": "number",
					"default": "0",
					"description": ""
				},
				{
					"name": "y",
					"type": "number",
					"default": "0",
					"description": ""
				},
				{
					"name": "z",
					"type": "number",
					"default": "0",
					"description": ""
				},
				{
					"name": "w",
					"type": "number",
					"default": "1",
					"description": ""
				}
			]
		}
	],
	"globalMember": [],
	"globalFunction": [],
	"class": {
		"kind": "class",
		"name": "quaternion",
		"memberof": "gd3d.math",
		"filename": "render\\struct.ts"
	}
}