{
	"member": [
		{
			"kind": "member",
			"type": "number",
			"name": "boneCount",
			"memberof": "gd3d.framework.animationClip",
			"scope": "instance",
			"description": "骨骼数量",
			"version": "egret-gd3d 1.0"
		},
		{
			"kind": "member",
			"type": "boolean",
			"name": "defaultAsset",
			"memberof": "gd3d.framework.animationClip",
			"scope": "instance",
			"description": "是否为默认资源",
			"version": "egret-gd3d 1.0",
			"default": "false"
		},
		{
			"kind": "member",
			"type": "number",
			"name": "fps",
			"memberof": "gd3d.framework.animationClip",
			"scope": "instance",
			"description": "动画片段的帧率",
			"version": "egret-gd3d 1.0"
		},
		{
			"kind": "member",
			"type": "boolean",
			"name": "loop",
			"memberof": "gd3d.framework.animationClip",
			"scope": "instance",
			"description": "是否循环",
			"version": "egret-gd3d 1.0"
		}
	],
	"function": [
		{
			"kind": "function",
			"name": "animationClip",
			"memberof": "gd3d.framework.animationClip",
			"scope": "instance",
			"params": [
				{
					"name": "assetName",
					"type": "string",
					"default": "null",
					"description": ""
				}
			]
		},
		{
			"kind": "function",
			"type": "void",
			"name": "Parse",
			"memberof": "gd3d.framework.animationClip",
			"scope": "instance",
			"description": "解析资源",
			"version": "egret-gd3d 1.0",
			"params": [
				{
					"name": "buf",
					"type": "ArrayBuffer",
					"description": "buffer数组"
				}
			]
		},
		{
			"kind": "function",
			"type": "number",
			"name": "caclByteLength",
			"memberof": "gd3d.framework.animationClip",
			"scope": "instance",
			"description": "计算资源字节大小",
			"version": "egret-gd3d 1.0"
		},
		{
			"kind": "function",
			"name": "dispose",
			"memberof": "gd3d.framework.animationClip",
			"scope": "instance",
			"description": "释放资源",
			"version": "egret-gd3d 1.0"
		},
		{
			"kind": "function",
			"type": "number",
			"name": "getGUID",
			"memberof": "gd3d.framework.animationClip",
			"scope": "instance",
			"description": "获取资源唯一id",
			"version": "egret-gd3d 1.0"
		},
		{
			"kind": "function",
			"type": "string",
			"name": "getName",
			"memberof": "gd3d.framework.animationClip",
			"scope": "instance",
			"description": "获取资源名称",
			"version": "egret-gd3d 1.0"
		},
		{
			"kind": "function",
			"name": "unuse",
			"memberof": "gd3d.framework.animationClip",
			"scope": "instance",
			"description": "引用计数减一",
			"version": "egret-gd3d 1.0",
			"params": [
				{
					"name": "disposeNow",
					"type": "boolean",
					"default": "false",
					"description": ""
				}
			]
		},
		{
			"kind": "function",
			"name": "use",
			"memberof": "gd3d.framework.animationClip",
			"scope": "instance",
			"description": "引用计数加一",
			"version": "egret-gd3d 1.0"
		}
	],
	"globalMember": [],
	"globalFunction": [],
	"class": {
		"kind": "class",
		"name": "animationClip",
		"memberof": "gd3d.framework",
		"filename": "framework\\asset\\resource\\animationclip.ts",
		"description": "动画片段资源",
		"version": "egret-gd3d 1.0",
		"implements": [
			{
				"name": "gd3d.framework.IAsset"
			}
		]
	}
}