{
	"member": [
		{
			"kind": "member",
			"name": "COMPONENT_BOXCOLLIDER",
			"memberof": "gd3d.framework.StringUtil",
			"scope": "static",
			"description": "获取boxcollider组件的名字",
			"version": "egret-gd3d 1.0",
			"default": "\"boxcollider\""
		},
		{
			"kind": "member",
			"name": "COMPONENT_BUTTON",
			"memberof": "gd3d.framework.StringUtil",
			"scope": "static",
			"description": "获取button组件的名字",
			"version": "egret-gd3d 1.0",
			"default": "\"button\""
		},
		{
			"kind": "member",
			"name": "COMPONENT_CAMERA",
			"memberof": "gd3d.framework.StringUtil",
			"scope": "static",
			"description": "获取camera组件的名字",
			"version": "egret-gd3d 1.0",
			"default": "\"camera\""
		},
		{
			"kind": "member",
			"name": "COMPONENT_CAMERACONTROLLER",
			"memberof": "gd3d.framework.StringUtil",
			"scope": "static",
			"description": "获取cameraController组件的名字",
			"version": "egret-gd3d 1.0",
			"default": "\"cameraController\""
		},
		{
			"kind": "member",
			"name": "COMPONENT_CANVASRENDER",
			"memberof": "gd3d.framework.StringUtil",
			"scope": "static",
			"description": "获取canvasRenderer组件的名字",
			"version": "egret-gd3d 1.0",
			"default": "\"canvasRenderer\""
		},
		{
			"kind": "member",
			"name": "COMPONENT_EFFECTSYSTEM",
			"memberof": "gd3d.framework.StringUtil",
			"scope": "static",
			"description": "获取effectSystem组件的名字",
			"version": "egret-gd3d 1.0",
			"default": "\"effectSystem\""
		},
		{
			"kind": "member",
			"name": "COMPONENT_IMAGE",
			"memberof": "gd3d.framework.StringUtil",
			"scope": "static",
			"description": "获取image2D组件的名字",
			"version": "egret-gd3d 1.0",
			"default": "\"image2D\""
		},
		{
			"kind": "member",
			"name": "COMPONENT_LABEL",
			"memberof": "gd3d.framework.StringUtil",
			"scope": "static",
			"description": "获取label组件的名字",
			"version": "egret-gd3d 1.0",
			"default": "\"label\""
		},
		{
			"kind": "member",
			"name": "COMPONENT_LIGHT",
			"memberof": "gd3d.framework.StringUtil",
			"scope": "static",
			"description": "获取light组件的名字",
			"version": "egret-gd3d 1.0",
			"default": "\"light\""
		},
		{
			"kind": "member",
			"name": "COMPONENT_MESHFILTER",
			"memberof": "gd3d.framework.StringUtil",
			"scope": "static",
			"description": "获取meshFilter组件的名字",
			"version": "egret-gd3d 1.0",
			"default": "\"meshFilter\""
		},
		{
			"kind": "member",
			"name": "COMPONENT_MESHRENDER",
			"memberof": "gd3d.framework.StringUtil",
			"scope": "static",
			"description": "获取meshRenderer组件的名字",
			"version": "egret-gd3d 1.0",
			"default": "\"meshRenderer\""
		},
		{
			"kind": "member",
			"name": "COMPONENT_RAWIMAGE",
			"memberof": "gd3d.framework.StringUtil",
			"scope": "static",
			"description": "获取rawImage2D组件的名字",
			"version": "egret-gd3d 1.0",
			"default": "\"rawImage2D\""
		},
		{
			"kind": "member",
			"name": "COMPONENT_SKINMESHRENDER",
			"memberof": "gd3d.framework.StringUtil",
			"scope": "static",
			"description": "获取skinnedMeshRenderer组件的名字",
			"version": "egret-gd3d 1.0",
			"default": "\"skinnedMeshRenderer\""
		}
	],
	"function": [
		{
			"kind": "function",
			"name": "replaceAll",
			"memberof": "gd3d.framework.StringUtil",
			"scope": "static",
			"description": "将一个字符串中的所有指定字符替换为指定字符",
			"version": "egret-gd3d 1.0",
			"params": [
				{
					"name": "srcStr",
					"type": "string",
					"description": "要处理的字符串"
				},
				{
					"name": "fromStr",
					"type": "string",
					"description": "原字符串中的指定字符串"
				},
				{
					"name": "toStr",
					"type": "string",
					"description": "将被替换为的字符串"
				}
			]
		},
		{
			"kind": "function",
			"name": "trimAll",
			"memberof": "gd3d.framework.StringUtil",
			"scope": "static",
			"description": "剔除掉字符串中所有的空格",
			"version": "egret-gd3d 1.0",
			"params": [
				{
					"name": "str",
					"type": "string",
					"description": "要处理的字符串"
				}
			]
		}
	],
	"globalMember": [],
	"globalFunction": [],
	"class": {
		"kind": "class",
		"name": "StringUtil",
		"memberof": "gd3d.framework",
		"filename": "framework\\util\\stringutil.ts",
		"description": "正则表达式的工具类，提供一些引擎用到的正则表达式",
		"version": "egret-gd3d 1.0"
	}
}