{
	"member": [],
	"function": [
		{
			"kind": "function",
			"name": "binBuffer",
			"memberof": "gd3d.io.binBuffer",
			"scope": "instance",
			"params": [
				{
					"name": "bufSize",
					"type": "number",
					"default": "65536",
					"description": ""
				}
			]
		},
		{
			"kind": "function",
			"type": "number",
			"name": "getBufLength",
			"memberof": "gd3d.io.binBuffer",
			"scope": "instance"
		},
		{
			"kind": "function",
			"type": "Uint8Array",
			"name": "getBuffer",
			"memberof": "gd3d.io.binBuffer",
			"scope": "instance"
		},
		{
			"kind": "function",
			"type": "number",
			"name": "getBytesAvailable",
			"memberof": "gd3d.io.binBuffer",
			"scope": "instance",
			"description": "剩余有效可读字节"
		},
		{
			"kind": "function",
			"type": "number",
			"name": "getLength",
			"memberof": "gd3d.io.binBuffer",
			"scope": "instance"
		},
		{
			"kind": "function",
			"type": "Uint8Array",
			"name": "getUint8Array",
			"memberof": "gd3d.io.binBuffer",
			"scope": "instance"
		},
		{
			"kind": "function",
			"name": "read",
			"memberof": "gd3d.io.binBuffer",
			"scope": "instance",
			"params": [
				{
					"name": "target",
					"type": "Uint8Array|number[]",
					"description": ""
				},
				{
					"name": "offset",
					"type": "number",
					"default": "0",
					"description": ""
				},
				{
					"name": "length",
					"type": "number",
					"default": "-1",
					"description": ""
				}
			]
		},
		{
			"kind": "function",
			"name": "write",
			"memberof": "gd3d.io.binBuffer",
			"scope": "instance",
			"params": [
				{
					"name": "array",
					"type": "Uint8Array|number[]",
					"description": ""
				},
				{
					"name": "offset",
					"type": "number",
					"default": "0",
					"description": ""
				},
				{
					"name": "length",
					"type": "number",
					"default": "-1",
					"description": ""
				}
			]
		}
	],
	"globalMember": [],
	"globalFunction": [],
	"class": {
		"kind": "class",
		"name": "binBuffer",
		"memberof": "gd3d.io",
		"filename": "framework\\io\\binBuffer.ts",
		"children": [
			"gd3d.io.binTool"
		]
	}
}