{
	"member": [
		{
			"kind": "member",
			"type": "gd3d.render.BlendModeEnum",
			"name": "blendMode",
			"memberof": "gd3d.framework.MaterialData",
			"scope": "instance"
		},
		{
			"kind": "member",
			"type": "boolean",
			"name": "bothside",
			"memberof": "gd3d.framework.MaterialData",
			"scope": "instance",
			"description": "是否开启双面渲染",
			"default": "false"
		},
		{
			"kind": "member",
			"type": "number",
			"name": "column",
			"memberof": "gd3d.framework.MaterialData",
			"scope": "instance",
			"description": "切分列数"
		},
		{
			"kind": "member",
			"type": "number",
			"name": "delayTime",
			"memberof": "gd3d.framework.MaterialData",
			"scope": "instance",
			"description": "延迟时间,单位为秒"
		},
		{
			"kind": "member",
			"type": "string",
			"name": "diffuseTexture",
			"memberof": "gd3d.framework.MaterialData",
			"scope": "instance",
			"description": "漫反射贴图"
		},
		{
			"kind": "member",
			"type": "number",
			"name": "frameNumber",
			"memberof": "gd3d.framework.MaterialData",
			"scope": "instance"
		},
		{
			"kind": "member",
			"type": "boolean",
			"name": "isLoop",
			"memberof": "gd3d.framework.MaterialData",
			"scope": "instance",
			"description": "是否开启循环播放",
			"default": "false"
		},
		{
			"kind": "member",
			"type": "string",
			"name": "name",
			"memberof": "gd3d.framework.MaterialData",
			"scope": "instance",
			"description": "材质名字"
		},
		{
			"kind": "member",
			"type": "number",
			"name": "row",
			"memberof": "gd3d.framework.MaterialData",
			"scope": "instance",
			"description": "切分行数"
		},
		{
			"kind": "member",
			"type": "number",
			"name": "speedU",
			"memberof": "gd3d.framework.MaterialData",
			"scope": "instance",
			"description": "获取UV u的滚动速度",
			"default": "0.2"
		},
		{
			"kind": "member",
			"type": "number",
			"name": "speedV",
			"memberof": "gd3d.framework.MaterialData",
			"scope": "instance",
			"description": "获取UV v的滚动速度",
			"default": "0.2"
		},
		{
			"kind": "member",
			"type": "number",
			"name": "time",
			"memberof": "gd3d.framework.MaterialData",
			"scope": "instance",
			"description": "播放总时间，单位为秒"
		},
		{
			"kind": "member",
			"type": "gd3d.framework.ParticleMatrialType",
			"name": "type",
			"memberof": "gd3d.framework.MaterialData",
			"scope": "instance",
			"description": "材质类型",
			"default": "ParticleMatrialType.base"
		}
	],
	"function": [
		{
			"kind": "function",
			"name": "MaterialData",
			"memberof": "gd3d.framework.MaterialData",
			"scope": "instance"
		}
	],
	"globalMember": [],
	"globalFunction": [],
	"class": {
		"kind": "class",
		"name": "MaterialData",
		"memberof": "gd3d.framework",
		"filename": "framework\\component\\particle\\data\\particlematrialdata.ts",
		"description": "材质数据"
	}
}