{
	"member": [
		{
			"kind": "member",
			"type": "gd3d.framework.camera",
			"name": "cameraTouch",
			"memberof": "gd3d.framework.canvasRenderer",
			"scope": "instance",
			"description": "//绑定这个canvas 从哪个camera 响应事件"
		},
		{
			"kind": "member",
			"type": "gd3d.framework.canvas",
			"name": "canvas",
			"memberof": "gd3d.framework.canvasRenderer",
			"scope": "instance"
		},
		{
			"kind": "member",
			"type": "gd3d.framework.gameObject",
			"name": "gameObject",
			"memberof": "gd3d.framework.canvasRenderer",
			"scope": "instance"
		},
		{
			"kind": "member",
			"type": "gd3d.framework.inputMgr",
			"name": "inputmgr",
			"memberof": "gd3d.framework.canvasRenderer",
			"scope": "instance"
		},
		{
			"kind": "member",
			"type": "gd3d.framework.RenderLayerEnum",
			"name": "layer",
			"memberof": "gd3d.framework.canvasRenderer",
			"scope": "instance",
			"default": "RenderLayerEnum.Common"
		},
		{
			"kind": "member",
			"type": "number",
			"name": "queue",
			"memberof": "gd3d.framework.canvasRenderer",
			"scope": "instance",
			"default": "0"
		},
		{
			"kind": "member",
			"type": "gd3d.framework.CullingMask",
			"name": "renderLayer",
			"memberof": "gd3d.framework.canvasRenderer",
			"scope": "instance",
			"default": "CullingMask.UI"
		},
		{
			"kind": "member",
			"type": "gd3d.framework.transform",
			"name": "subTran",
			"memberof": "gd3d.framework.canvasRenderer",
			"scope": "instance"
		}
	],
	"function": [
		{
			"kind": "function",
			"name": "canvasRenderer",
			"memberof": "gd3d.framework.canvasRenderer",
			"scope": "instance"
		},
		{
			"kind": "function",
			"name": "addChild",
			"memberof": "gd3d.framework.canvasRenderer",
			"scope": "instance",
			"params": [
				{
					"name": "node",
					"type": "gd3d.framework.transform2D",
					"description": ""
				}
			]
		},
		{
			"kind": "function",
			"type": "gd3d.framework.transform2D",
			"name": "dopick2d",
			"memberof": "gd3d.framework.canvasRenderer",
			"scope": "instance",
			"params": [
				{
					"name": "outv",
					"type": "gd3d.math.vector2",
					"description": ""
				},
				{
					"name": "tran",
					"type": "gd3d.framework.transform2D",
					"description": ""
				}
			]
		},
		{
			"kind": "function",
			"name": "getBound",
			"memberof": "gd3d.framework.canvasRenderer",
			"scope": "instance"
		},
		{
			"kind": "function",
			"type": "gd3d.framework.transform2D",
			"name": "getChild",
			"memberof": "gd3d.framework.canvasRenderer",
			"scope": "instance",
			"params": [
				{
					"name": "index",
					"type": "number",
					"description": ""
				}
			]
		},
		{
			"kind": "function",
			"type": "number",
			"name": "getChildCount",
			"memberof": "gd3d.framework.canvasRenderer",
			"scope": "instance"
		},
		{
			"kind": "function",
			"type": "gd3d.framework.transform2D[]",
			"name": "getChildren",
			"memberof": "gd3d.framework.canvasRenderer",
			"scope": "instance"
		},
		{
			"kind": "function",
			"type": "boolean",
			"name": "intersectsTransform",
			"memberof": "gd3d.framework.canvasRenderer",
			"scope": "instance",
			"params": [
				{
					"name": "tran",
					"type": "gd3d.framework.transform",
					"description": ""
				}
			]
		},
		{
			"kind": "function",
			"name": "jsonToAttribute",
			"memberof": "gd3d.framework.canvasRenderer",
			"scope": "instance",
			"params": [
				{
					"name": "json",
					"description": ""
				},
				{
					"name": "assetmgr",
					"type": "gd3d.framework.assetMgr",
					"description": ""
				}
			]
		},
		{
			"kind": "function",
			"type": "gd3d.framework.transform2D",
			"name": "pick2d",
			"memberof": "gd3d.framework.canvasRenderer",
			"scope": "instance",
			"params": [
				{
					"name": "ray",
					"type": "gd3d.framework.ray",
					"description": ""
				}
			]
		},
		{
			"kind": "function",
			"name": "remove",
			"memberof": "gd3d.framework.canvasRenderer",
			"scope": "instance"
		},
		{
			"kind": "function",
			"name": "removeChild",
			"memberof": "gd3d.framework.canvasRenderer",
			"scope": "instance",
			"params": [
				{
					"name": "node",
					"type": "gd3d.framework.transform2D",
					"description": ""
				}
			]
		},
		{
			"kind": "function",
			"name": "render",
			"memberof": "gd3d.framework.canvasRenderer",
			"scope": "instance",
			"params": [
				{
					"name": "context",
					"type": "gd3d.framework.renderContext",
					"description": ""
				},
				{
					"name": "assetmgr",
					"type": "gd3d.framework.assetMgr",
					"description": ""
				},
				{
					"name": "camera",
					"type": "gd3d.framework.camera",
					"description": ""
				}
			]
		},
		{
			"kind": "function",
			"name": "start",
			"memberof": "gd3d.framework.canvasRenderer",
			"scope": "instance"
		},
		{
			"kind": "function",
			"name": "update",
			"memberof": "gd3d.framework.canvasRenderer",
			"scope": "instance",
			"params": [
				{
					"name": "delta",
					"type": "number",
					"description": ""
				}
			]
		}
	],
	"globalMember": [],
	"globalFunction": [],
	"class": {
		"kind": "class",
		"name": "canvasRenderer",
		"memberof": "gd3d.framework",
		"filename": "framework\\2d\\canvasrenderer.ts",
		"implements": [
			{
				"name": "gd3d.framework.IRenderer"
			},
			{
				"name": "gd3d.framework.ICollider"
			}
		]
	}
}