{
	"member": [
		{
			"kind": "member",
			"type": "string",
			"name": "name",
			"memberof": "gd3d.framework.tPoseInfo",
			"scope": "instance"
		},
		{
			"kind": "member",
			"type": "gd3d.math.vector3",
			"name": "tposep",
			"memberof": "gd3d.framework.tPoseInfo",
			"scope": "instance"
		},
		{
			"kind": "member",
			"type": "gd3d.math.quaternion",
			"name": "tposeq",
			"memberof": "gd3d.framework.tPoseInfo",
			"scope": "instance"
		}
	],
	"function": [],
	"globalMember": [],
	"globalFunction": [],
	"class": {
		"kind": "class",
		"name": "tPoseInfo",
		"memberof": "gd3d.framework",
		"filename": "framework\\component\\aniplayer.ts"
	}
}