{
	"member": [
		{
			"kind": "member",
			"type": "gd3d.framework.IAsset",
			"name": "asset",
			"memberof": "gd3d.framework.assetRef",
			"scope": "instance"
		},
		{
			"kind": "member",
			"type": "number",
			"name": "refcount",
			"memberof": "gd3d.framework.assetRef",
			"scope": "instance"
		}
	],
	"function": [],
	"globalMember": [],
	"globalFunction": [],
	"class": {
		"kind": "class",
		"name": "assetRef",
		"memberof": "gd3d.framework",
		"filename": "framework\\asset\\assetmgr.ts",
		"description": "资源引用计数的结构",
		"version": "gd3d 1.0"
	}
}