{
	"member": [
		{
			"kind": "member",
			"type": "number",
			"name": "Add",
			"memberof": "gd3d.render.BlendModeEnum",
			"scope": "static",
			"default": "3"
		},
		{
			"kind": "member",
			"type": "number",
			"name": "Add_PreMultiply",
			"memberof": "gd3d.render.BlendModeEnum",
			"scope": "static",
			"default": "4"
		},
		{
			"kind": "member",
			"type": "number",
			"name": "Blend",
			"memberof": "gd3d.render.BlendModeEnum",
			"scope": "static",
			"default": "1"
		},
		{
			"kind": "member",
			"type": "number",
			"name": "Blend_PreMultiply",
			"memberof": "gd3d.render.BlendModeEnum",
			"scope": "static",
			"default": "2"
		},
		{
			"kind": "member",
			"type": "number",
			"name": "Close",
			"memberof": "gd3d.render.BlendModeEnum",
			"scope": "static",
			"default": "0"
		}
	],
	"function": [],
	"globalMember": [],
	"globalFunction": [],
	"class": {
		"kind": "enum",
		"name": "BlendModeEnum",
		"memberof": "gd3d.render",
		"filename": "render\\renderer\\drawpass.ts"
	}
}