{
	"member": [
		{
			"kind": "member",
			"type": "gd3d.math.vector3",
			"name": "point",
			"memberof": "gd3d.framework.TrailSection",
			"scope": "instance"
		},
		{
			"kind": "member",
			"type": "number",
			"name": "time",
			"memberof": "gd3d.framework.TrailSection",
			"scope": "instance"
		},
		{
			"kind": "member",
			"type": "gd3d.math.vector3",
			"name": "upDir",
			"memberof": "gd3d.framework.TrailSection",
			"scope": "instance"
		}
	],
	"function": [
		{
			"kind": "function",
			"name": "TrailSection",
			"memberof": "gd3d.framework.TrailSection",
			"scope": "instance",
			"params": [
				{
					"name": "p",
					"type": "gd3d.math.vector3",
					"default": "new gd3d.math.vector3()",
					"description": ""
				},
				{
					"name": "t",
					"type": "number",
					"default": "0",
					"description": ""
				}
			]
		}
	],
	"globalMember": [],
	"globalFunction": [],
	"class": {
		"kind": "class",
		"name": "TrailSection",
		"memberof": "gd3d.framework",
		"filename": "framework\\component\\particle\\particletool\\trail.ts"
	}
}