{
	"member": [
		{
			"kind": "member",
			"type": "gd3d.framework.application",
			"name": "app",
			"memberof": "gd3d.framework.overlay2D",
			"scope": "instance"
		},
		{
			"kind": "member",
			"type": "boolean",
			"name": "autoAsp",
			"memberof": "gd3d.framework.overlay2D",
			"scope": "instance",
			"default": "true"
		},
		{
			"kind": "member",
			"type": "gd3d.framework.camera",
			"name": "camera",
			"memberof": "gd3d.framework.overlay2D",
			"scope": "instance"
		},
		{
			"kind": "member",
			"type": "gd3d.framework.canvas",
			"name": "canvas",
			"memberof": "gd3d.framework.overlay2D",
			"scope": "instance"
		},
		{
			"kind": "member",
			"type": "gd3d.framework.inputMgr",
			"name": "inputmgr",
			"memberof": "gd3d.framework.overlay2D",
			"scope": "instance"
		},
		{
			"kind": "member",
			"type": "gd3d.framework.CullingMask",
			"name": "renderLayer",
			"memberof": "gd3d.framework.overlay2D",
			"scope": "instance",
			"default": "CullingMask.UI"
		}
	],
	"function": [
		{
			"kind": "function",
			"name": "overlay2D",
			"memberof": "gd3d.framework.overlay2D",
			"scope": "instance",
			"description": "// public notify: INotify;"
		},
		{
			"kind": "function",
			"name": "addChild",
			"memberof": "gd3d.framework.overlay2D",
			"scope": "instance",
			"params": [
				{
					"name": "node",
					"type": "gd3d.framework.transform2D",
					"description": ""
				}
			]
		},
		{
			"kind": "function",
			"name": "calScreenPosToCanvasPos",
			"memberof": "gd3d.framework.overlay2D",
			"scope": "instance",
			"params": [
				{
					"name": "mousePos",
					"type": "gd3d.math.vector2",
					"description": ""
				},
				{
					"name": "canvasPos",
					"type": "gd3d.math.vector2",
					"description": ""
				}
			]
		},
		{
			"kind": "function",
			"type": "gd3d.framework.transform2D",
			"name": "dopick2d",
			"memberof": "gd3d.framework.overlay2D",
			"scope": "instance",
			"params": [
				{
					"name": "outv",
					"type": "gd3d.math.vector2",
					"description": ""
				},
				{
					"name": "tran",
					"type": "gd3d.framework.transform2D",
					"description": ""
				}
			]
		},
		{
			"kind": "function",
			"type": "gd3d.framework.transform2D",
			"name": "getChild",
			"memberof": "gd3d.framework.overlay2D",
			"scope": "instance",
			"params": [
				{
					"name": "index",
					"type": "number",
					"description": ""
				}
			]
		},
		{
			"kind": "function",
			"type": "number",
			"name": "getChildCount",
			"memberof": "gd3d.framework.overlay2D",
			"scope": "instance"
		},
		{
			"kind": "function",
			"type": "gd3d.framework.transform2D[]",
			"name": "getChildren",
			"memberof": "gd3d.framework.overlay2D",
			"scope": "instance"
		},
		{
			"kind": "function",
			"type": "gd3d.framework.transform2D",
			"name": "pick2d",
			"memberof": "gd3d.framework.overlay2D",
			"scope": "instance",
			"params": [
				{
					"name": "mx",
					"type": "number",
					"description": ""
				},
				{
					"name": "my",
					"type": "number",
					"description": ""
				}
			]
		},
		{
			"kind": "function",
			"name": "removeChild",
			"memberof": "gd3d.framework.overlay2D",
			"scope": "instance",
			"params": [
				{
					"name": "node",
					"type": "gd3d.framework.transform2D",
					"description": ""
				}
			]
		},
		{
			"kind": "function",
			"name": "render",
			"memberof": "gd3d.framework.overlay2D",
			"scope": "instance",
			"params": [
				{
					"name": "context",
					"type": "gd3d.framework.renderContext",
					"description": ""
				},
				{
					"name": "assetmgr",
					"type": "gd3d.framework.assetMgr",
					"description": ""
				},
				{
					"name": "camera",
					"type": "gd3d.framework.camera",
					"description": ""
				}
			]
		},
		{
			"kind": "function",
			"name": "start",
			"memberof": "gd3d.framework.overlay2D",
			"scope": "instance",
			"params": [
				{
					"name": "camera",
					"type": "gd3d.framework.camera",
					"description": ""
				}
			]
		},
		{
			"kind": "function",
			"name": "update",
			"memberof": "gd3d.framework.overlay2D",
			"scope": "instance",
			"params": [
				{
					"name": "delta",
					"type": "number",
					"description": ""
				}
			]
		}
	],
	"globalMember": [],
	"globalFunction": [],
	"class": {
		"kind": "class",
		"name": "overlay2D",
		"memberof": "gd3d.framework",
		"filename": "framework\\2d\\overlay2d.ts",
		"implements": [
			{
				"name": "gd3d.framework.IOverLay"
			}
		]
	}
}