{
	"member": [
		{
			"kind": "member",
			"type": "gd3d.framework.assetMgr",
			"name": "assetmgr",
			"memberof": "gd3d.framework.assetBundle",
			"scope": "instance",
			"description": "资源管理器实例",
			"version": "egret-gd3d 1.0"
		},
		{
			"kind": "member",
			"type": "{[id:string]:number}",
			"name": "mapNamed",
			"memberof": "gd3d.framework.assetBundle",
			"scope": "instance",
			"description": "资源GUID的字典，key为资源的名称",
			"version": "egret-gd3d 1.0",
			"default": "{}"
		},
		{
			"kind": "member",
			"type": "string",
			"name": "name",
			"memberof": "gd3d.framework.assetBundle",
			"scope": "instance",
			"description": "包名",
			"version": "egret-gd3d 1.0"
		},
		{
			"kind": "member",
			"type": "string",
			"name": "path",
			"memberof": "gd3d.framework.assetBundle",
			"scope": "instance",
			"description": "不带包名路径",
			"version": "egret-gd3d 1.0"
		},
		{
			"kind": "member",
			"type": "string",
			"name": "url",
			"memberof": "gd3d.framework.assetBundle",
			"scope": "instance",
			"description": "包完整路径",
			"version": "egret-gd3d 1.0"
		}
	],
	"function": [
		{
			"kind": "function",
			"name": "assetBundle",
			"memberof": "gd3d.framework.assetBundle",
			"scope": "instance",
			"params": [
				{
					"name": "url",
					"type": "string",
					"description": ""
				}
			]
		},
		{
			"kind": "function",
			"name": "load",
			"memberof": "gd3d.framework.assetBundle",
			"scope": "instance",
			"description": "加载包",
			"version": "egret-gd3d 1.0",
			"params": [
				{
					"name": "assetmgr",
					"type": "gd3d.framework.assetMgr",
					"description": "资源管理器实例"
				},
				{
					"name": "stateinfo",
					"type": "{state:stateLoad, type}",
					"description": "加载的状态信息实例"
				}
			]
		},
		{
			"kind": "function",
			"name": "parse",
			"memberof": "gd3d.framework.assetBundle",
			"scope": "instance",
			"description": "解析包",
			"version": "egret-gd3d 1.0",
			"params": [
				{
					"name": "json",
					"type": "any",
					"description": "json"
				}
			]
		},
		{
			"kind": "function",
			"name": "unload",
			"memberof": "gd3d.framework.assetBundle",
			"scope": "instance",
			"description": "卸载包 包内对应的资源引用计数减一",
			"version": "egret-gd3d 1.0"
		}
	],
	"globalMember": [],
	"globalFunction": [],
	"class": {
		"kind": "class",
		"name": "assetBundle",
		"memberof": "gd3d.framework",
		"filename": "framework\\asset\\assetmgr.ts",
		"description": "资源包",
		"version": "egret-gd3d 1.0"
	}
}