{
	"member": [],
	"function": [
		{
			"kind": "function",
			"name": "notify",
			"memberof": "gd3d.framework.INotify",
			"scope": "instance",
			"params": [
				{
					"name": "trans",
					"type": "any",
					"description": ""
				},
				{
					"name": "type",
					"type": "gd3d.framework.NotifyType",
					"description": ""
				}
			]
		}
	],
	"globalMember": [],
	"globalFunction": [],
	"class": {
		"kind": "interface",
		"name": "INotify",
		"memberof": "gd3d.framework",
		"filename": "framework\\application.ts"
	}
}