{
	"member": [
		{
			"kind": "member",
			"type": "number",
			"name": "Filled",
			"memberof": "gd3d.framework.ImageType",
			"scope": "static",
			"default": "3"
		},
		{
			"kind": "member",
			"type": "number",
			"name": "Simple",
			"memberof": "gd3d.framework.ImageType",
			"scope": "static",
			"default": "0"
		},
		{
			"kind": "member",
			"type": "number",
			"name": "Sliced",
			"memberof": "gd3d.framework.ImageType",
			"scope": "static",
			"default": "1"
		},
		{
			"kind": "member",
			"type": "number",
			"name": "Tiled",
			"memberof": "gd3d.framework.ImageType",
			"scope": "static",
			"default": "2"
		}
	],
	"function": [],
	"globalMember": [],
	"globalFunction": [],
	"class": {
		"kind": "enum",
		"name": "ImageType",
		"memberof": "gd3d.framework",
		"filename": "framework\\2d\\component\\image.ts",
		"description": "贴图的显示方式"
	}
}