{
	"member": [
		{
			"kind": "member",
			"type": "gd3d.framework.aabb",
			"name": "aabb",
			"memberof": "gd3d.framework.transform",
			"scope": "instance",
			"description": "自己的aabb",
			"version": "egret-gd3d 1.0"
		},
		{
			"kind": "member",
			"type": "gd3d.framework.aabb",
			"name": "aabbchild",
			"memberof": "gd3d.framework.transform",
			"scope": "instance",
			"description": "包含自己和所有子物体的aabb",
			"version": "egret-gd3d 1.0"
		},
		{
			"kind": "member",
			"type": "boolean",
			"name": "beDispose",
			"memberof": "gd3d.framework.transform",
			"scope": "instance",
			"rwType": 1,
			"description": "获取当前transform是否被释放掉了",
			"version": "egret-gd3d 1.0"
		},
		{
			"kind": "member",
			"type": "gd3d.framework.transform[]",
			"name": "children",
			"memberof": "gd3d.framework.transform",
			"scope": "instance",
			"description": "子物体列表",
			"version": "egret-gd3d 1.0"
		},
		{
			"kind": "member",
			"name": "gameObject",
			"memberof": "gd3d.framework.transform",
			"scope": "instance",
			"rwType": 1,
			"description": "获取绑定的gameObject",
			"version": "egret-gd3d 1.0"
		},
		{
			"kind": "member",
			"type": "gd3d.framework.insID",
			"name": "insId",
			"memberof": "gd3d.framework.transform",
			"scope": "instance",
			"description": "transform唯一的insid",
			"version": "egret-gd3d 1.0",
			"default": "new insID()"
		},
		{
			"kind": "member",
			"type": "gd3d.math.vector3",
			"name": "localEulerAngles",
			"memberof": "gd3d.framework.transform",
			"scope": "instance"
		},
		{
			"kind": "member",
			"type": "gd3d.math.quaternion",
			"name": "localRotate",
			"memberof": "gd3d.framework.transform",
			"scope": "instance",
			"description": "//本地rts",
			"default": "new gd3d.math.quaternion()"
		},
		{
			"kind": "member",
			"type": "gd3d.math.vector3",
			"name": "localScale",
			"memberof": "gd3d.framework.transform",
			"scope": "instance",
			"default": "new gd3d.math.vector3(1, 1, 1)"
		},
		{
			"kind": "member",
			"type": "gd3d.math.vector3",
			"name": "localTranslate",
			"memberof": "gd3d.framework.transform",
			"scope": "instance",
			"default": "new gd3d.math.vector3(0, 0, 0)"
		},
		{
			"kind": "member",
			"type": "string",
			"name": "name",
			"memberof": "gd3d.framework.transform",
			"scope": "instance",
			"description": "transform名称",
			"version": "egret-gd3d 1.0",
			"default": "\"noname\""
		},
		{
			"kind": "member",
			"type": "gd3d.framework.transform",
			"name": "parent",
			"memberof": "gd3d.framework.transform",
			"scope": "instance",
			"description": "父物体实例",
			"version": "egret-gd3d 1.0"
		},
		{
			"kind": "member",
			"type": "string",
			"name": "prefab",
			"memberof": "gd3d.framework.transform",
			"scope": "instance",
			"description": "当前节点依赖的prefab路径，如果不依赖，则为空",
			"version": "egret-gd3d 1.0",
			"default": "null"
		},
		{
			"kind": "member",
			"type": "gd3d.framework.scene",
			"name": "scene",
			"memberof": "gd3d.framework.transform",
			"scope": "instance",
			"description": "设置所在场景实例",
			"version": "egret-gd3d 1.0"
		}
	],
	"function": [
		{
			"kind": "function",
			"name": "addChild",
			"memberof": "gd3d.framework.transform",
			"scope": "instance",
			"description": "添加子物体实例",
			"version": "egret-gd3d 1.0",
			"params": [
				{
					"name": "node",
					"type": "gd3d.framework.transform",
					"description": "子物体实例"
				}
			]
		},
		{
			"kind": "function",
			"name": "addChildAt",
			"memberof": "gd3d.framework.transform",
			"scope": "instance",
			"description": "添加子物体实例到索引位置",
			"version": "egret-gd3d 1.0",
			"params": [
				{
					"name": "node",
					"type": "gd3d.framework.transform",
					"description": "场景实例"
				},
				{
					"name": "index",
					"type": "number",
					"description": "索引位置"
				}
			]
		},
		{
			"kind": "function",
			"type": "Array<gd3d.framework.transform>",
			"name": "checkImpact",
			"memberof": "gd3d.framework.transform",
			"scope": "instance",
			"description": "返回场景中所有与当前tranform碰撞的transform",
			"version": "egret-gd3d 1.0"
		},
		{
			"kind": "function",
			"type": "boolean",
			"name": "checkImpactTran",
			"memberof": "gd3d.framework.transform",
			"scope": "instance",
			"description": "判断是否与给定的transform有碰撞",
			"version": "egret-gd3d 1.0",
			"params": [
				{
					"name": "tran",
					"type": "gd3d.framework.transform",
					"description": "指定的transform"
				}
			]
		},
		{
			"kind": "function",
			"type": "gd3d.framework.transform",
			"name": "clone",
			"memberof": "gd3d.framework.transform",
			"scope": "instance",
			"description": "获取当前transform的克隆",
			"version": "egret-gd3d 1.0"
		},
		{
			"kind": "function",
			"name": "dispose",
			"memberof": "gd3d.framework.transform",
			"scope": "instance",
			"description": "释放当前transform",
			"version": "egret-gd3d 1.0"
		},
		{
			"kind": "function",
			"type": "gd3d.framework.transform",
			"name": "find",
			"memberof": "gd3d.framework.transform",
			"scope": "instance",
			"description": "查找自己以及子物体中是否有指定名称的transform",
			"version": "egret-gd3d 1.0",
			"params": [
				{
					"name": "name",
					"type": "string",
					"description": "name"
				}
			]
		},
		{
			"kind": "function",
			"name": "getForwardInWorld",
			"memberof": "gd3d.framework.transform",
			"scope": "instance",
			"description": "获取世界坐标系下当前z轴的朝向",
			"version": "egret-gd3d 1.0",
			"params": [
				{
					"name": "out",
					"type": "gd3d.math.vector3",
					"description": ""
				}
			]
		},
		{
			"kind": "function",
			"type": "gd3d.math.matrix",
			"name": "getLocalMatrix",
			"memberof": "gd3d.framework.transform",
			"scope": "instance",
			"description": "获取本地矩阵",
			"version": "egret-gd3d 1.0"
		},
		{
			"kind": "function",
			"name": "getRightInWorld",
			"memberof": "gd3d.framework.transform",
			"scope": "instance",
			"description": "获取世界坐标系下当前x轴的朝向",
			"version": "egret-gd3d 1.0",
			"params": [
				{
					"name": "out",
					"type": "gd3d.math.vector3",
					"description": ""
				}
			]
		},
		{
			"kind": "function",
			"name": "getUpInWorld",
			"memberof": "gd3d.framework.transform",
			"scope": "instance",
			"description": "获取世界坐标系下y轴的朝向",
			"version": "egret-gd3d 1.0",
			"params": [
				{
					"name": "out",
					"type": "gd3d.math.vector3",
					"description": ""
				}
			]
		},
		{
			"kind": "function",
			"type": "gd3d.math.matrix",
			"name": "getWorldMatrix",
			"memberof": "gd3d.framework.transform",
			"scope": "instance",
			"description": "获取世界矩阵",
			"version": "egret-gd3d 1.0"
		},
		{
			"kind": "function",
			"name": "getWorldRotate",
			"memberof": "gd3d.framework.transform",
			"scope": "instance",
			"description": "获取世界坐标系下的旋转",
			"version": "egret-gd3d 1.0"
		},
		{
			"kind": "function",
			"name": "getWorldScale",
			"memberof": "gd3d.framework.transform",
			"scope": "instance",
			"description": "获取世界坐标系下的缩放",
			"version": "egret-gd3d 1.0"
		},
		{
			"kind": "function",
			"name": "getWorldTranslate",
			"memberof": "gd3d.framework.transform",
			"scope": "instance",
			"description": "获取世界坐标系下的位移",
			"version": "egret-gd3d 1.0"
		},
		{
			"kind": "function",
			"name": "lookat",
			"memberof": "gd3d.framework.transform",
			"scope": "instance",
			"description": "旋转当前transform到z轴指向给定transform",
			"version": "egret-gd3d 1.0",
			"params": [
				{
					"name": "trans",
					"type": "gd3d.framework.transform",
					"description": "给定的transform"
				}
			]
		},
		{
			"kind": "function",
			"name": "lookatPoint",
			"memberof": "gd3d.framework.transform",
			"scope": "instance",
			"description": "旋转当前transform到z轴指向给定坐标",
			"version": "egret-gd3d 1.0",
			"params": [
				{
					"name": "point",
					"type": "gd3d.math.vector3",
					"description": "给定的坐标"
				}
			]
		},
		{
			"kind": "function",
			"name": "markDirty",
			"memberof": "gd3d.framework.transform",
			"scope": "instance",
			"description": "标记需要刷新数据",
			"version": "egret-gd3d 1.0"
		},
		{
			"kind": "function",
			"name": "removeAllChild",
			"memberof": "gd3d.framework.transform",
			"scope": "instance",
			"description": "移除所有子物体",
			"version": "egret-gd3d 1.0"
		},
		{
			"kind": "function",
			"name": "removeChild",
			"memberof": "gd3d.framework.transform",
			"scope": "instance",
			"description": "移除指定子物体",
			"version": "egret-gd3d 1.0",
			"params": [
				{
					"name": "node",
					"type": "gd3d.framework.transform",
					"description": "子物体实例"
				}
			]
		},
		{
			"kind": "function",
			"name": "setWorldMatrix",
			"memberof": "gd3d.framework.transform",
			"scope": "instance",
			"description": "设置transform的世界矩阵 通过计算得到本地矩阵实现",
			"version": "egret-gd3d 1.0",
			"params": [
				{
					"name": "mat",
					"type": "gd3d.math.matrix",
					"description": "世界空间下矩阵"
				}
			]
		},
		{
			"kind": "function",
			"name": "setWorldPosition",
			"memberof": "gd3d.framework.transform",
			"scope": "instance",
			"description": "设置transform世界空间下的位移",
			"version": "egret-gd3d 1.0",
			"params": [
				{
					"name": "pos",
					"type": "gd3d.math.vector3",
					"description": "世界空间下的坐标"
				}
			]
		},
		{
			"kind": "function",
			"name": "updateTran",
			"memberof": "gd3d.framework.transform",
			"scope": "instance",
			"description": "刷新transform状态",
			"version": "egret-gd3d 1.0",
			"params": [
				{
					"name": "parentChange",
					"type": "boolean",
					"description": "父物体是否需要刷新"
				}
			]
		},
		{
			"kind": "function",
			"name": "updateWorldTran",
			"memberof": "gd3d.framework.transform",
			"scope": "instance",
			"description": "刷新自己这一条线，以得到正确的worldMatrix信息",
			"version": "egret-gd3d 1.0"
		}
	],
	"globalMember": [],
	"globalFunction": [],
	"class": {
		"kind": "class",
		"name": "transform",
		"memberof": "gd3d.framework",
		"filename": "framework\\transform\\transform.ts",
		"description": "transform类 对应unity中transform概念",
		"version": "egret-gd3d 1.0"
	}
}