{
	"member": [
		{
			"kind": "member",
			"name": "drawBuffersExtension",
			"memberof": "gd3d.render.caps",
			"scope": "instance"
		},
		{
			"kind": "member",
			"type": "boolean",
			"name": "fragmentDepthSupported",
			"memberof": "gd3d.render.caps",
			"scope": "instance"
		},
		{
			"kind": "member",
			"type": "boolean",
			"name": "highPrecisionShaderSupported",
			"memberof": "gd3d.render.caps",
			"scope": "instance"
		},
		{
			"kind": "member",
			"type": "ANGLE_instanced_arrays",
			"name": "instancedArrays",
			"memberof": "gd3d.render.caps",
			"scope": "instance"
		},
		{
			"kind": "member",
			"type": "number",
			"name": "maxAnisotropy",
			"memberof": "gd3d.render.caps",
			"scope": "instance"
		},
		{
			"kind": "member",
			"type": "number",
			"name": "maxCubemapTextureSize",
			"memberof": "gd3d.render.caps",
			"scope": "instance"
		},
		{
			"kind": "member",
			"type": "number",
			"name": "maxRenderTextureSize",
			"memberof": "gd3d.render.caps",
			"scope": "instance"
		},
		{
			"kind": "member",
			"type": "number",
			"name": "maxTextureSize",
			"memberof": "gd3d.render.caps",
			"scope": "instance"
		},
		{
			"kind": "member",
			"type": "number",
			"name": "maxTexturesImageUnits",
			"memberof": "gd3d.render.caps",
			"scope": "instance"
		},
		{
			"kind": "member",
			"type": "any",
			"name": "pvrtcExtension",
			"memberof": "gd3d.render.caps",
			"scope": "instance"
		},
		{
			"kind": "member",
			"type": "WEBGL_compressed_texture_s3tc",
			"name": "s3tc",
			"memberof": "gd3d.render.caps",
			"scope": "instance"
		},
		{
			"kind": "member",
			"type": "boolean",
			"name": "standardDerivatives",
			"memberof": "gd3d.render.caps",
			"scope": "instance"
		},
		{
			"kind": "member",
			"type": "EXT_texture_filter_anisotropic",
			"name": "textureAnisotropicFilterExtension",
			"memberof": "gd3d.render.caps",
			"scope": "instance"
		},
		{
			"kind": "member",
			"type": "boolean",
			"name": "textureFloat",
			"memberof": "gd3d.render.caps",
			"scope": "instance"
		},
		{
			"kind": "member",
			"type": "boolean",
			"name": "textureFloatLinearFiltering",
			"memberof": "gd3d.render.caps",
			"scope": "instance"
		},
		{
			"kind": "member",
			"type": "boolean",
			"name": "textureLOD",
			"memberof": "gd3d.render.caps",
			"scope": "instance"
		},
		{
			"kind": "member",
			"type": "boolean",
			"name": "uintIndices",
			"memberof": "gd3d.render.caps",
			"scope": "instance"
		}
	],
	"function": [],
	"globalMember": [],
	"globalFunction": [],
	"class": {
		"kind": "class",
		"name": "caps",
		"memberof": "gd3d.render",
		"filename": "render\\webglkit.ts"
	}
}