{
	"member": [
		{
			"kind": "member",
			"name": "color",
			"memberof": "gd3d.framework.trailRender",
			"scope": "instance",
			"description": "返回 matrial调色",
			"version": "egret-gd3d 1.0"
		},
		{
			"kind": "member",
			"type": "boolean",
			"name": "extenedOneSide",
			"memberof": "gd3d.framework.trailRender",
			"scope": "instance",
			"description": "拖尾mesh是否向经过路径的两边延展",
			"version": "egret-gd3d 1.0",
			"default": "true"
		},
		{
			"kind": "member",
			"type": "gd3d.framework.gameObject",
			"name": "gameObject",
			"memberof": "gd3d.framework.trailRender",
			"scope": "instance",
			"description": "挂载的gameobject",
			"version": "egret-gd3d 1.0"
		},
		{
			"kind": "member",
			"type": "gd3d.framework.RenderLayerEnum",
			"name": "layer",
			"memberof": "gd3d.framework.trailRender",
			"scope": "instance",
			"description": "场景渲染层级（common、transparent、overlay）",
			"version": "egret-gd3d 1.0",
			"default": "RenderLayerEnum.Common"
		},
		{
			"kind": "member",
			"type": "boolean",
			"name": "lookAtCamera",
			"memberof": "gd3d.framework.trailRender",
			"scope": "instance",
			"description": "拖尾是否朝向相机",
			"version": "egret-gd3d 1.0",
			"default": "false"
		},
		{
			"kind": "member",
			"type": "gd3d.framework.material",
			"name": "material",
			"memberof": "gd3d.framework.trailRender",
			"scope": "instance",
			"description": "设置拖尾的材质",
			"version": "egret-gd3d 1.0"
		},
		{
			"kind": "member",
			"type": "number",
			"name": "queue",
			"memberof": "gd3d.framework.trailRender",
			"scope": "instance",
			"description": "同场景渲染层级时候先后排序依据",
			"version": "egret-gd3d 1.0",
			"default": "0"
		},
		{
			"kind": "member",
			"type": "gd3d.framework.CullingMask",
			"name": "renderLayer",
			"memberof": "gd3d.framework.trailRender",
			"scope": "instance",
			"description": "渲染mask层级（和相机相对应）",
			"version": "egret-gd3d 1.0",
			"default": "CullingMask.default"
		}
	],
	"function": [
		{
			"kind": "function",
			"name": "play",
			"memberof": "gd3d.framework.trailRender",
			"scope": "instance",
			"description": "开始拖尾",
			"version": "egret-gd3d 1.0"
		},
		{
			"kind": "function",
			"name": "render",
			"memberof": "gd3d.framework.trailRender",
			"scope": "instance",
			"description": "render",
			"version": "egret-gd3d 1.0",
			"params": [
				{
					"name": "context",
					"type": "gd3d.framework.renderContext",
					"description": ""
				},
				{
					"name": "assetmgr",
					"type": "gd3d.framework.assetMgr",
					"description": ""
				},
				{
					"name": "camera",
					"type": "gd3d.framework.camera",
					"description": ""
				}
			]
		},
		{
			"kind": "function",
			"name": "setWidth",
			"memberof": "gd3d.framework.trailRender",
			"scope": "instance",
			"description": "调节拖尾宽度",
			"version": "egret-gd3d 1.0",
			"params": [
				{
					"name": "Width",
					"type": "number",
					"description": ""
				}
			]
		},
		{
			"kind": "function",
			"name": "setspeed",
			"memberof": "gd3d.framework.trailRender",
			"scope": "instance",
			"description": "拖尾速度，调节拖尾长短（0-1）",
			"version": "egret-gd3d 1.0",
			"params": [
				{
					"name": "upspeed",
					"type": "number",
					"description": ""
				}
			]
		},
		{
			"kind": "function",
			"name": "start",
			"memberof": "gd3d.framework.trailRender",
			"scope": "instance",
			"description": "start",
			"version": "egret-gd3d 1.0"
		},
		{
			"kind": "function",
			"name": "stop",
			"memberof": "gd3d.framework.trailRender",
			"scope": "instance",
			"description": "关闭拖尾",
			"version": "egret-gd3d 1.0"
		},
		{
			"kind": "function",
			"name": "update",
			"memberof": "gd3d.framework.trailRender",
			"scope": "instance",
			"description": "update",
			"version": "egret-gd3d 1.0",
			"params": [
				{
					"name": "delta",
					"type": "number",
					"description": ""
				}
			]
		}
	],
	"globalMember": [],
	"globalFunction": [],
	"class": {
		"kind": "class",
		"name": "trailRender",
		"memberof": "gd3d.framework",
		"filename": "framework\\component\\trailrender.ts",
		"description": "拖尾组件",
		"version": "egret-gd3d 1.0",
		"implements": [
			{
				"name": "gd3d.framework.IRenderer"
			}
		]
	}
}