{
	"member": [
		{
			"kind": "member",
			"type": "gd3d.framework.application",
			"name": "app",
			"memberof": "gd3d.framework.sceneMgr",
			"scope": "static"
		},
		{
			"kind": "member",
			"type": "gd3d.framework.sceneMgr",
			"name": "ins",
			"memberof": "gd3d.framework.sceneMgr",
			"scope": "static",
			"rwType": 1
		},
		{
			"kind": "member",
			"type": "gd3d.framework.scene",
			"name": "scene",
			"memberof": "gd3d.framework.sceneMgr",
			"scope": "static"
		}
	],
	"function": [],
	"globalMember": [],
	"globalFunction": [],
	"class": {
		"kind": "class",
		"name": "sceneMgr",
		"memberof": "gd3d.framework",
		"filename": "framework\\scenemgr.ts"
	}
}