{
	"member": [
		{
			"kind": "member",
			"type": "boolean",
			"name": "defaultAsset",
			"memberof": "gd3d.framework.material",
			"scope": "instance",
			"description": "是否为默认资源",
			"version": "egret-gd3d 1.0",
			"default": "false"
		}
	],
	"function": [
		{
			"kind": "function",
			"name": "material",
			"memberof": "gd3d.framework.material",
			"scope": "instance",
			"params": [
				{
					"name": "assetName",
					"type": "string",
					"default": "null",
					"description": ""
				}
			]
		},
		{
			"kind": "function",
			"name": "Parse",
			"memberof": "gd3d.framework.material",
			"scope": "instance",
			"description": "解析资源",
			"version": "egret-gd3d 1.0",
			"params": [
				{
					"name": "assetmgr",
					"type": "gd3d.framework.assetMgr",
					"description": "资源管理实例"
				},
				{
					"name": "json",
					"type": "any",
					"description": "json数据"
				}
			]
		},
		{
			"kind": "function",
			"type": "number",
			"name": "caclByteLength",
			"memberof": "gd3d.framework.material",
			"scope": "instance",
			"description": "计算资源字节大小",
			"version": "egret-gd3d 1.0"
		},
		{
			"kind": "function",
			"name": "changeShader",
			"memberof": "gd3d.framework.material",
			"scope": "instance",
			"description": "修改shader 保留原有数据",
			"version": "egret-gd3d 1.0",
			"params": [
				{
					"name": "shader",
					"type": "gd3d.framework.shader",
					"description": "shader实例"
				}
			]
		},
		{
			"kind": "function",
			"type": "gd3d.framework.material",
			"name": "clone",
			"memberof": "gd3d.framework.material",
			"scope": "instance",
			"description": "克隆",
			"version": "egret-gd3d 1.0"
		},
		{
			"kind": "function",
			"name": "dispose",
			"memberof": "gd3d.framework.material",
			"scope": "instance",
			"description": "释放资源",
			"version": "egret-gd3d 1.0"
		},
		{
			"kind": "function",
			"name": "draw",
			"memberof": "gd3d.framework.material",
			"scope": "instance",
			"description": "绘制",
			"version": "egret-gd3d 1.0",
			"params": [
				{
					"name": "context",
					"type": "gd3d.framework.renderContext",
					"description": "渲染上下文"
				},
				{
					"name": "mesh",
					"type": "gd3d.framework.mesh",
					"description": "渲染的mesh"
				},
				{
					"name": "sm",
					"type": "gd3d.framework.subMeshInfo",
					"description": "渲染的submesh信息"
				},
				{
					"name": "basetype",
					"type": "string",
					"default": "\"base\"",
					"description": ""
				}
			]
		},
		{
			"kind": "function",
			"type": "number",
			"name": "getGUID",
			"memberof": "gd3d.framework.material",
			"scope": "instance",
			"description": "获取资源唯一id",
			"version": "egret-gd3d 1.0"
		},
		{
			"kind": "function",
			"name": "getLayer",
			"memberof": "gd3d.framework.material",
			"scope": "instance",
			"description": "获取shader的layer",
			"version": "egret-gd3d 1.0"
		},
		{
			"kind": "function",
			"type": "string",
			"name": "getName",
			"memberof": "gd3d.framework.material",
			"scope": "instance",
			"description": "获取资源名称",
			"version": "egret-gd3d 1.0"
		},
		{
			"kind": "function",
			"name": "getQueue",
			"memberof": "gd3d.framework.material",
			"scope": "instance",
			"description": "获取shader的queue",
			"version": "egret-gd3d 1.0"
		},
		{
			"kind": "function",
			"name": "getShader",
			"memberof": "gd3d.framework.material",
			"scope": "instance",
			"description": "获取shader",
			"version": "egret-gd3d 1.0"
		},
		{
			"kind": "function",
			"name": "setShader",
			"memberof": "gd3d.framework.material",
			"scope": "instance",
			"description": "设置shader 不保留原有数据",
			"version": "egret-gd3d 1.0",
			"params": [
				{
					"name": "shader",
					"type": "gd3d.framework.shader",
					"description": "shader实例"
				}
			]
		},
		{
			"kind": "function",
			"name": "unuse",
			"memberof": "gd3d.framework.material",
			"scope": "instance",
			"description": "引用计数减一",
			"version": "egret-gd3d 1.0",
			"params": [
				{
					"name": "disposeNow",
					"type": "boolean",
					"default": "false",
					"description": ""
				}
			]
		},
		{
			"kind": "function",
			"name": "use",
			"memberof": "gd3d.framework.material",
			"scope": "instance",
			"description": "引用计数加一",
			"version": "egret-gd3d 1.0"
		}
	],
	"globalMember": [],
	"globalFunction": [],
	"class": {
		"kind": "class",
		"name": "material",
		"memberof": "gd3d.framework",
		"filename": "framework\\asset\\resource\\material.ts",
		"description": "材质资源",
		"version": "egret-gd3d 1.0",
		"implements": [
			{
				"name": "gd3d.framework.IAsset"
			}
		]
	}
}