{
	"member": [],
	"function": [
		{
			"kind": "function",
			"name": "RandomRange",
			"memberof": "gd3d.framework.EffectUtil",
			"scope": "static",
			"description": "//范围内随机  isInteger是否为整数",
			"params": [
				{
					"name": "min",
					"type": "number",
					"description": ""
				},
				{
					"name": "max",
					"type": "number",
					"description": ""
				},
				{
					"name": "isInteger",
					"type": "boolean",
					"default": "false",
					"description": ""
				}
			]
		},
		{
			"kind": "function",
			"name": "RotateVector3",
			"memberof": "gd3d.framework.EffectUtil",
			"scope": "static",
			"params": [
				{
					"name": "source",
					"type": "gd3d.math.vector3",
					"description": ""
				},
				{
					"name": "direction",
					"type": "gd3d.math.vector3",
					"description": ""
				},
				{
					"name": "out",
					"type": "gd3d.math.vector3",
					"description": ""
				}
			]
		},
		{
			"kind": "function",
			"name": "lookat",
			"memberof": "gd3d.framework.EffectUtil",
			"scope": "static",
			"params": [
				{
					"name": "eye",
					"type": "gd3d.math.vector3",
					"description": ""
				},
				{
					"name": "targetpos",
					"type": "gd3d.math.vector3",
					"description": ""
				},
				{
					"name": "out",
					"type": "gd3d.math.quaternion",
					"description": ""
				},
				{
					"name": "up",
					"type": "gd3d.math.vector3",
					"default": "gd3d.math.pool.vector3_up",
					"description": ""
				}
			]
		},
		{
			"kind": "function",
			"name": "lookatVerticalBillboard",
			"memberof": "gd3d.framework.EffectUtil",
			"scope": "static",
			"params": [
				{
					"name": "eye",
					"type": "gd3d.math.vector3",
					"description": ""
				},
				{
					"name": "targetpos",
					"type": "gd3d.math.vector3",
					"description": ""
				},
				{
					"name": "out",
					"type": "gd3d.math.quaternion",
					"description": ""
				},
				{
					"name": "up",
					"type": "gd3d.math.vector3",
					"default": "gd3d.math.pool.vector3_up",
					"description": ""
				}
			]
		},
		{
			"kind": "function",
			"name": "quatLookatX",
			"memberof": "gd3d.framework.EffectUtil",
			"scope": "static",
			"description": "沿X轴旋转",
			"params": [
				{
					"name": "eye",
					"type": "gd3d.math.vector3",
					"description": "注视点"
				},
				{
					"name": "targetpos",
					"type": "gd3d.math.vector3",
					"description": "目标点"
				},
				{
					"name": "out",
					"type": "gd3d.math.quaternion",
					"description": "旋转得到的四元数"
				},
				{
					"name": "right",
					"type": "gd3d.math.vector3",
					"default": "gd3d.math.pool.vector3_right",
					"description": "X轴朝向"
				}
			]
		},
		{
			"kind": "function",
			"name": "quatLookatZ",
			"memberof": "gd3d.framework.EffectUtil",
			"scope": "static",
			"description": "沿Z轴旋转",
			"params": [
				{
					"name": "eye",
					"type": "gd3d.math.vector3",
					"description": "注视点"
				},
				{
					"name": "targetpos",
					"type": "gd3d.math.vector3",
					"description": "目标点"
				},
				{
					"name": "out",
					"type": "gd3d.math.quaternion",
					"description": "旋转得到的四元数"
				},
				{
					"name": "forward",
					"type": "gd3d.math.vector3",
					"default": "gd3d.math.pool.vector3_forward",
					"description": "Z轴朝向"
				}
			]
		},
		{
			"kind": "function",
			"type": "gd3d.math.vector3",
			"name": "vecMuliNum",
			"memberof": "gd3d.framework.EffectUtil",
			"scope": "static",
			"params": [
				{
					"name": "vec",
					"type": "gd3d.math.vector3",
					"description": ""
				},
				{
					"name": "num",
					"type": "number",
					"description": ""
				}
			]
		}
	],
	"globalMember": [],
	"globalFunction": [],
	"class": {
		"kind": "class",
		"name": "EffectUtil",
		"memberof": "gd3d.framework",
		"filename": "framework\\component\\particle\\particletool\\effectutil.ts"
	}
}