{
	"member": [
		{
			"kind": "member",
			"type": "gd3d.framework.assetMgr",
			"name": "asMgr",
			"memberof": "gd3d.framework.EffectParser",
			"scope": "instance"
		}
	],
	"function": [
		{
			"kind": "function",
			"type": "gd3d.framework.EffectSystemData",
			"name": "Parse",
			"memberof": "gd3d.framework.EffectParser",
			"scope": "instance",
			"description": "解析特效数据",
			"returns": "",
			"params": [
				{
					"name": "str",
					"type": "string",
					"description": ""
				},
				{
					"name": "assetmgr",
					"type": "gd3d.framework.assetMgr",
					"description": ""
				}
			]
		}
	],
	"globalMember": [],
	"globalFunction": [],
	"class": {
		"kind": "class",
		"name": "EffectParser",
		"memberof": "gd3d.framework",
		"filename": "framework\\particle\\particletool\\effectparser.ts"
	}
}