{
	"member": [
		{
			"kind": "member",
			"type": "gd3d.framework.gameObject",
			"name": "gameObject",
			"memberof": "gd3d.framework.ICollider",
			"scope": "instance"
		},
		{
			"kind": "member",
			"type": "gd3d.framework.transform",
			"name": "subTran",
			"memberof": "gd3d.framework.ICollider",
			"scope": "instance"
		}
	],
	"function": [
		{
			"kind": "function",
			"name": "getBound",
			"memberof": "gd3d.framework.ICollider",
			"scope": "instance"
		},
		{
			"kind": "function",
			"type": "boolean",
			"name": "intersectsTransform",
			"memberof": "gd3d.framework.ICollider",
			"scope": "instance",
			"params": [
				{
					"name": "tran",
					"type": "gd3d.framework.transform",
					"description": ""
				}
			]
		}
	],
	"globalMember": [],
	"globalFunction": [],
	"class": {
		"kind": "interface",
		"name": "ICollider",
		"memberof": "gd3d.framework",
		"filename": "framework\\component\\boxcollider.ts"
	}
}