{
	"member": [
		{
			"kind": "member",
			"type": "gd3d.framework.EffectAttrsData",
			"name": "attrsData",
			"memberof": "gd3d.framework.EffectFrameData",
			"scope": "instance"
		},
		{
			"kind": "member",
			"type": "number",
			"name": "frameIndex",
			"memberof": "gd3d.framework.EffectFrameData",
			"scope": "instance"
		},
		{
			"kind": "member",
			"type": "gd3d.framework.EffectLerpData[]",
			"name": "lerpDatas",
			"memberof": "gd3d.framework.EffectFrameData",
			"scope": "instance"
		}
	],
	"function": [
		{
			"kind": "function",
			"name": "clone",
			"memberof": "gd3d.framework.EffectFrameData",
			"scope": "instance"
		},
		{
			"kind": "function",
			"name": "dispose",
			"memberof": "gd3d.framework.EffectFrameData",
			"scope": "instance"
		}
	],
	"globalMember": [],
	"globalFunction": [],
	"class": {
		"kind": "class",
		"name": "EffectFrameData",
		"memberof": "gd3d.framework",
		"filename": "framework\\particle\\data\\effectalldata.ts"
	}
}