{
	"member": [
		{
			"kind": "member",
			"type": "WebGLFramebuffer",
			"name": "fbo",
			"memberof": "gd3d.render.glRenderTarget",
			"scope": "instance"
		},
		{
			"kind": "member",
			"type": "WebGLFramebuffer",
			"name": "fbo",
			"memberof": "gd3d.render.glRenderTarget",
			"scope": "instance"
		},
		{
			"kind": "member",
			"type": "number",
			"name": "height",
			"memberof": "gd3d.render.glRenderTarget",
			"scope": "instance"
		},
		{
			"kind": "member",
			"type": "number",
			"name": "height",
			"memberof": "gd3d.render.glRenderTarget",
			"scope": "instance"
		},
		{
			"kind": "member",
			"type": "WebGLRenderbuffer",
			"name": "renderbuffer",
			"memberof": "gd3d.render.glRenderTarget",
			"scope": "instance"
		},
		{
			"kind": "member",
			"type": "WebGLRenderbuffer",
			"name": "renderbuffer",
			"memberof": "gd3d.render.glRenderTarget",
			"scope": "instance"
		},
		{
			"kind": "member",
			"type": "WebGLTexture",
			"name": "texture",
			"memberof": "gd3d.render.glRenderTarget",
			"scope": "instance"
		},
		{
			"kind": "member",
			"type": "WebGLTexture",
			"name": "texture",
			"memberof": "gd3d.render.glRenderTarget",
			"scope": "instance"
		},
		{
			"kind": "member",
			"type": "number",
			"name": "width",
			"memberof": "gd3d.render.glRenderTarget",
			"scope": "instance"
		},
		{
			"kind": "member",
			"type": "number",
			"name": "width",
			"memberof": "gd3d.render.glRenderTarget",
			"scope": "instance"
		}
	],
	"function": [
		{
			"kind": "function",
			"name": "glRenderTarget",
			"memberof": "gd3d.render.glRenderTarget",
			"scope": "instance",
			"params": [
				{
					"name": "webgl",
					"type": "WebGLRenderingContext",
					"description": ""
				},
				{
					"name": "width",
					"type": "number",
					"description": ""
				},
				{
					"name": "height",
					"type": "number",
					"description": ""
				},
				{
					"name": "depth",
					"question": true,
					"type": "boolean",
					"description": ""
				},
				{
					"name": "stencil",
					"question": true,
					"type": "boolean",
					"description": ""
				}
			]
		},
		{
			"kind": "function",
			"name": "constructor",
			"memberof": "gd3d.render.glRenderTarget",
			"scope": "instance",
			"params": [
				{
					"name": "webgl",
					"type": "WebGLRenderingContext",
					"description": ""
				},
				{
					"name": "width",
					"type": "number",
					"description": ""
				},
				{
					"name": "height",
					"type": "number",
					"description": ""
				},
				{
					"name": "depth",
					"type": "boolean",
					"default": "false",
					"description": ""
				},
				{
					"name": "stencil",
					"type": "boolean",
					"default": "false",
					"description": ""
				}
			]
		},
		{
			"kind": "function",
			"type": "void",
			"name": "use",
			"memberof": "gd3d.render.glRenderTarget",
			"scope": "instance",
			"params": [
				{
					"name": "webgl",
					"type": "WebGLRenderingContext",
					"description": ""
				}
			]
		},
		{
			"kind": "function",
			"name": "use",
			"memberof": "gd3d.render.glRenderTarget",
			"scope": "instance",
			"params": [
				{
					"name": "webgl",
					"type": "WebGLRenderingContext",
					"description": ""
				}
			]
		},
		{
			"kind": "function",
			"type": "void",
			"name": "useNull",
			"memberof": "gd3d.render.glRenderTarget",
			"scope": "static",
			"params": [
				{
					"name": "webgl",
					"type": "WebGLRenderingContext",
					"description": ""
				}
			]
		},
		{
			"kind": "function",
			"name": "useNull",
			"memberof": "gd3d.render.glRenderTarget",
			"scope": "static",
			"params": [
				{
					"name": "webgl",
					"type": "WebGLRenderingContext",
					"description": ""
				}
			]
		}
	],
	"globalMember": [],
	"globalFunction": [],
	"class": {
		"kind": "class",
		"name": "glRenderTarget",
		"memberof": "gd3d.render",
		"filename": "render\\resource\\texture.ts",
		"implements": [
			{
				"name": "gd3d.render.ITexture"
			}
		]
	}
}