{
	"member": [
		{
			"kind": "member",
			"type": "gd3d.render.meshData",
			"name": "data",
			"memberof": "gd3d.framework.mesh",
			"scope": "instance",
			"description": "mesh数据实例",
			"version": "egret-gd3d 1.0"
		},
		{
			"kind": "member",
			"type": "boolean",
			"name": "defaultAsset",
			"memberof": "gd3d.framework.mesh",
			"scope": "instance",
			"default": "false"
		},
		{
			"kind": "member",
			"type": "gd3d.framework.subMeshInfo[]",
			"name": "submesh",
			"memberof": "gd3d.framework.mesh",
			"scope": "instance",
			"description": "submesh信息列表",
			"version": "egret-gd3d 1.0",
			"default": "[]"
		}
	],
	"function": [
		{
			"kind": "function",
			"name": "mesh",
			"memberof": "gd3d.framework.mesh",
			"scope": "instance",
			"params": [
				{
					"name": "assetName",
					"type": "string",
					"default": "null",
					"description": ""
				}
			]
		},
		{
			"kind": "function",
			"name": "Parse",
			"memberof": "gd3d.framework.mesh",
			"scope": "instance",
			"description": "解析资源",
			"version": "egret-gd3d 1.0",
			"params": [
				{
					"name": "buf",
					"type": "ArrayBuffer",
					"description": "buffer数组"
				},
				{
					"name": "webgl",
					"type": "WebGLRenderingContext",
					"description": "webgl实例"
				}
			]
		},
		{
			"kind": "function",
			"type": "number",
			"name": "caclByteLength",
			"memberof": "gd3d.framework.mesh",
			"scope": "instance",
			"description": "计算资源字节大小",
			"version": "egret-gd3d 1.0"
		},
		{
			"kind": "function",
			"type": "gd3d.framework.mesh",
			"name": "clone",
			"memberof": "gd3d.framework.mesh",
			"scope": "instance",
			"description": "克隆mesh",
			"version": "egret-gd3d 1.0"
		},
		{
			"kind": "function",
			"name": "dispose",
			"memberof": "gd3d.framework.mesh",
			"scope": "instance",
			"description": "释放资源",
			"version": "egret-gd3d 1.0"
		},
		{
			"kind": "function",
			"type": "number",
			"name": "getGUID",
			"memberof": "gd3d.framework.mesh",
			"scope": "instance",
			"description": "获取资源唯一id",
			"version": "egret-gd3d 1.0"
		},
		{
			"kind": "function",
			"type": "string",
			"name": "getName",
			"memberof": "gd3d.framework.mesh",
			"scope": "instance",
			"description": "获取资源名称",
			"version": "egret-gd3d 1.0"
		},
		{
			"kind": "function",
			"type": "gd3d.framework.pickinfo",
			"name": "intersects",
			"memberof": "gd3d.framework.mesh",
			"scope": "instance",
			"description": "检测射线碰撞",
			"version": "egret-gd3d 1.0",
			"params": [
				{
					"name": "ray",
					"type": "gd3d.framework.ray",
					"description": "射线"
				},
				{
					"name": "matrix",
					"type": "gd3d.math.matrix",
					"description": "所在transform的矩阵"
				}
			]
		},
		{
			"kind": "function",
			"name": "unuse",
			"memberof": "gd3d.framework.mesh",
			"scope": "instance",
			"description": "引用计数减一",
			"version": "egret-gd3d 1.0",
			"params": [
				{
					"name": "disposeNow",
					"type": "boolean",
					"default": "false",
					"description": ""
				}
			]
		},
		{
			"kind": "function",
			"name": "use",
			"memberof": "gd3d.framework.mesh",
			"scope": "instance",
			"description": "引用计数加一",
			"version": "egret-gd3d 1.0"
		}
	],
	"globalMember": [],
	"globalFunction": [],
	"class": {
		"kind": "class",
		"name": "mesh",
		"memberof": "gd3d.framework",
		"filename": "framework\\asset\\resource\\mesh.ts",
		"description": "mesh资源",
		"version": "egret-gd3d 1.0",
		"implements": [
			{
				"name": "gd3d.framework.IAsset"
			}
		]
	}
}