{
	"member": [
		{
			"kind": "member",
			"type": "number",
			"name": "alpha",
			"memberof": "gd3d.framework.nodeType",
			"scope": "static",
			"default": "1"
		},
		{
			"kind": "member",
			"type": "number",
			"name": "none",
			"memberof": "gd3d.framework.nodeType",
			"scope": "static",
			"default": "0"
		},
		{
			"kind": "member",
			"type": "number",
			"name": "scale",
			"memberof": "gd3d.framework.nodeType",
			"scope": "static",
			"default": "2"
		}
	],
	"function": [],
	"globalMember": [],
	"globalFunction": [],
	"class": {
		"kind": "enum",
		"name": "nodeType",
		"memberof": "gd3d.framework",
		"filename": "framework\\particle\\particletool\\pariticle.ts"
	}
}