{
	"member": [
		{
			"kind": "member",
			"type": "gd3d.math.vector3",
			"name": "center",
			"memberof": "gd3d.framework.obb",
			"scope": "instance",
			"description": "包围盒中心坐标",
			"version": "egret-gd3d 1.0"
		},
		{
			"kind": "member",
			"type": "gd3d.math.vector3",
			"name": "halfsize",
			"memberof": "gd3d.framework.obb",
			"scope": "instance",
			"description": "包围盒各轴向半长",
			"version": "egret-gd3d 1.0"
		},
		{
			"kind": "member",
			"type": "gd3d.math.vector3[]",
			"name": "vectors",
			"memberof": "gd3d.framework.obb",
			"scope": "instance",
			"description": "包围盒世界空间下各个点坐标",
			"version": "egret-gd3d 1.0",
			"default": "new Array<gd3d.math.vector3>()"
		}
	],
	"function": [
		{
			"kind": "function",
			"name": "buildByCenterSize",
			"memberof": "gd3d.framework.obb",
			"scope": "instance",
			"description": "由中心点和各轴向长度构建定向包围盒",
			"version": "egret-gd3d 1.0",
			"params": [
				{
					"name": "center",
					"type": "gd3d.math.vector3",
					"description": "中心点坐标"
				},
				{
					"name": "size",
					"type": "gd3d.math.vector3",
					"description": "各轴向长度"
				}
			]
		},
		{
			"kind": "function",
			"name": "buildByMaxMin",
			"memberof": "gd3d.framework.obb",
			"scope": "instance",
			"description": "由最大最小点构建定向包围盒",
			"version": "egret-gd3d 1.0",
			"params": [
				{
					"name": "minimum",
					"type": "gd3d.math.vector3",
					"description": "最小点坐标"
				},
				{
					"name": "maximum",
					"type": "gd3d.math.vector3",
					"description": "最大点坐标"
				}
			]
		},
		{
			"kind": "function",
			"name": "caclWorldVecs",
			"memberof": "gd3d.framework.obb",
			"scope": "instance",
			"description": "计算世界空间下各点坐标",
			"version": "egret-gd3d 1.0",
			"params": [
				{
					"name": "vecs",
					"type": "gd3d.math.vector3[]",
					"description": "结果数组"
				},
				{
					"name": "worldmatrix",
					"type": "gd3d.math.matrix",
					"description": "物体的世界矩阵"
				}
			]
		},
		{
			"kind": "function",
			"type": "gd3d.framework.obb",
			"name": "clone",
			"memberof": "gd3d.framework.obb",
			"scope": "instance",
			"description": "克隆一个obb",
			"version": "egret-gd3d 1.0"
		},
		{
			"kind": "function",
			"name": "dispose",
			"memberof": "gd3d.framework.obb",
			"scope": "instance",
			"description": "释放",
			"version": "egret-gd3d 1.0"
		},
		{
			"kind": "function",
			"name": "intersects",
			"memberof": "gd3d.framework.obb",
			"scope": "instance",
			"description": "obb的碰撞检测",
			"version": "egret-gd3d 1.0",
			"params": [
				{
					"name": "_obb",
					"type": "gd3d.framework.obb",
					"description": "待检测obb"
				}
			]
		},
		{
			"kind": "function",
			"name": "update",
			"memberof": "gd3d.framework.obb",
			"scope": "instance",
			"description": "刷新定向包围盒",
			"version": "egret-gd3d 1.0",
			"params": [
				{
					"name": "worldmatrix",
					"type": "gd3d.math.matrix",
					"description": "物体的世界矩阵"
				}
			]
		}
	],
	"globalMember": [],
	"globalFunction": [],
	"class": {
		"kind": "class",
		"name": "obb",
		"memberof": "gd3d.framework",
		"filename": "framework\\tool\\obb.ts"
	}
}