{
	"member": [
		{
			"kind": "member",
			"type": "number",
			"name": "h",
			"memberof": "gd3d.framework.charinfo",
			"scope": "instance"
		},
		{
			"kind": "member",
			"type": "number",
			"name": "w",
			"memberof": "gd3d.framework.charinfo",
			"scope": "instance"
		},
		{
			"kind": "member",
			"type": "number",
			"name": "x",
			"memberof": "gd3d.framework.charinfo",
			"scope": "instance"
		},
		{
			"kind": "member",
			"type": "number",
			"name": "xAddvance",
			"memberof": "gd3d.framework.charinfo",
			"scope": "instance"
		},
		{
			"kind": "member",
			"type": "number",
			"name": "xOffset",
			"memberof": "gd3d.framework.charinfo",
			"scope": "instance"
		},
		{
			"kind": "member",
			"type": "number",
			"name": "xSize",
			"memberof": "gd3d.framework.charinfo",
			"scope": "instance"
		},
		{
			"kind": "member",
			"type": "number",
			"name": "y",
			"memberof": "gd3d.framework.charinfo",
			"scope": "instance"
		},
		{
			"kind": "member",
			"type": "number",
			"name": "yOffset",
			"memberof": "gd3d.framework.charinfo",
			"scope": "instance"
		},
		{
			"kind": "member",
			"type": "number",
			"name": "ySize",
			"memberof": "gd3d.framework.charinfo",
			"scope": "instance"
		}
	],
	"function": [],
	"globalMember": [],
	"globalFunction": [],
	"class": {
		"kind": "class",
		"name": "charinfo",
		"memberof": "gd3d.framework",
		"filename": "framework\\asset\\resource\\font.ts"
	}
}