{
	"member": [
		{
			"kind": "member",
			"type": "gd3d.framework.PoseBoneMatrix[]",
			"name": "boneInfos",
			"memberof": "gd3d.framework.Frame",
			"scope": "instance"
		},
		{
			"kind": "member",
			"type": "boolean",
			"name": "key",
			"memberof": "gd3d.framework.Frame",
			"scope": "instance"
		}
	],
	"function": [],
	"globalMember": [],
	"globalFunction": [],
	"class": {
		"kind": "class",
		"name": "Frame",
		"memberof": "gd3d.framework",
		"filename": "framework\\asset\\resource\\animationclip.ts"
	}
}