{
	"globalFunction": [
		{
			"filename": "framework\\io\\serialize.ts",
			"kind": "globalFunction",
			"type": "string",
			"name": "Serialize",
			"memberof": "gd3d.io",
			"scope": "instance",
			"description": "序列化",
			"params": [
				{
					"name": "obj",
					"type": "any",
					"description": ""
				},
				{
					"name": "assetMgr",
					"type": "any",
					"default": "null",
					"description": ""
				}
			]
		},
		{
			"filename": "framework\\io\\clone.ts",
			"kind": "globalFunction",
			"type": "any",
			"name": "cloneObj",
			"memberof": "gd3d.io",
			"scope": "instance",
			"description": "对可序列化实例的克隆",
			"version": "egret-gd3d 1.0",
			"params": [
				{
					"name": "instanceObj",
					"type": "any",
					"description": "被克隆实例"
				},
				{
					"name": "clonedObj",
					"type": "any",
					"default": "undefined",
					"description": "克隆实例引用"
				}
			]
		},
		{
			"filename": "framework\\io\\serialize.ts",
			"kind": "globalFunction",
			"name": "deSerialize",
			"memberof": "gd3d.io",
			"scope": "instance",
			"description": "反序列化  传入的源数据为json",
			"params": [
				{
					"name": "serializedObj",
					"type": "string",
					"description": ""
				},
				{
					"name": "instanceObj",
					"type": "any",
					"description": ""
				},
				{
					"name": "assetMgr",
					"type": "any",
					"description": ""
				},
				{
					"name": "bundlename",
					"type": "string",
					"default": "null",
					"description": ""
				}
			]
		},
		{
			"filename": "io\\loadtool.ts",
			"kind": "globalFunction",
			"type": "void",
			"name": "loadArrayBuffer",
			"memberof": "gd3d.io",
			"scope": "instance",
			"description": "加载arraybuffer资源",
			"version": "egret-gd3d 1.0",
			"params": [
				{
					"name": "url",
					"type": "string",
					"description": "加载路径"
				},
				{
					"name": "fun",
					"type": "(_bin:ArrayBuffer,_err:Error)=>void",
					"description": "回调函数"
				}
			]
		},
		{
			"filename": "io\\loadtool.ts",
			"kind": "globalFunction",
			"type": "void",
			"name": "loadBlob",
			"memberof": "gd3d.io",
			"scope": "instance",
			"description": "加载二进制资源",
			"version": "egret-gd3d 1.0",
			"params": [
				{
					"name": "url",
					"type": "string",
					"description": "加载路径"
				},
				{
					"name": "fun",
					"type": "(_blob:Blob,_err:Error)=>void",
					"description": "回调函数"
				}
			]
		},
		{
			"filename": "io\\loadtool.ts",
			"kind": "globalFunction",
			"type": "void",
			"name": "loadImg",
			"memberof": "gd3d.io",
			"scope": "instance",
			"description": "加载图片资源",
			"version": "egret-gd3d 1.0",
			"params": [
				{
					"name": "url",
					"type": "string",
					"description": "加载路径"
				},
				{
					"name": "fun",
					"type": "(_tex:HTMLImageElement,_err:Error)=>void",
					"description": "回调函数"
				},
				{
					"name": "progress",
					"type": "(progre:number)=>void",
					"description": "加载进度"
				}
			]
		},
		{
			"filename": "io\\loadtool.ts",
			"kind": "globalFunction",
			"type": "void",
			"name": "loadText",
			"memberof": "gd3d.io",
			"scope": "instance",
			"description": "加载text资源",
			"version": "egret-gd3d 1.0",
			"params": [
				{
					"name": "url",
					"type": "string",
					"description": "加载路径"
				},
				{
					"name": "fun",
					"type": "(_txt:string,_err:Error)=>void",
					"description": "回调函数"
				}
			]
		},
		{
			"filename": "framework\\io\\iointerface.ts",
			"kind": "globalFunction",
			"name": "stringToBlob",
			"memberof": "gd3d.io",
			"scope": "instance",
			"description": "string转换为blob",
			"version": "egret-gd3d 1.0",
			"params": [
				{
					"name": "content",
					"type": "string",
					"description": ""
				}
			]
		},
		{
			"filename": "framework\\io\\iointerface.ts",
			"kind": "globalFunction",
			"type": "number[]",
			"name": "stringToUtf8Array",
			"memberof": "gd3d.io",
			"scope": "instance",
			"description": "string转换为utf8数组",
			"version": "egret-gd3d 1.0",
			"params": [
				{
					"name": "str",
					"type": "string",
					"description": ""
				}
			]
		}
	]
}