{
	"member": [
		{
			"kind": "member",
			"type": "gd3d.framework.gameObject",
			"name": "gameObject",
			"memberof": "gd3d.framework.asbone",
			"scope": "instance",
			"description": "挂载的gameobject",
			"version": "egret-gd3d 1.0"
		}
	],
	"function": [
		{
			"kind": "function",
			"name": "asbone",
			"memberof": "gd3d.framework.asbone",
			"scope": "instance"
		},
		{
			"kind": "function",
			"name": "start",
			"memberof": "gd3d.framework.asbone",
			"scope": "instance"
		},
		{
			"kind": "function",
			"name": "update",
			"memberof": "gd3d.framework.asbone",
			"scope": "instance",
			"params": [
				{
					"name": "delta",
					"type": "number",
					"description": ""
				}
			]
		}
	],
	"globalMember": [],
	"globalFunction": [],
	"class": {
		"kind": "class",
		"name": "asbone",
		"memberof": "gd3d.framework",
		"filename": "framework\\component\\asbone.ts",
		"description": "骨骼组件",
		"version": "egret-gd3d 1.0",
		"implements": [
			{
				"name": "gd3d.framework.INodeComponent"
			}
		]
	}
}