{
	"member": [
		{
			"kind": "member",
			"type": "gd3d.framework.CullingMask",
			"name": "CullingMask",
			"memberof": "gd3d.framework.camera",
			"scope": "instance",
			"default": "CullingMask.default | CullingMask.ui"
		},
		{
			"kind": "member",
			"type": "gd3d.math.color",
			"name": "backgroundColor",
			"memberof": "gd3d.framework.camera",
			"scope": "instance",
			"description": "// backgroundColor: gd3d.math.color = new gd3d.math.color(0.11, 0.11, 0.11, 1.0);",
			"default": "new gd3d.math.color(0.5, 0.8, 1, 1)"
		},
		{
			"kind": "member",
			"type": "boolean",
			"name": "clearOption_Color",
			"memberof": "gd3d.framework.camera",
			"scope": "instance",
			"default": "true"
		},
		{
			"kind": "member",
			"type": "boolean",
			"name": "clearOption_Depth",
			"memberof": "gd3d.framework.camera",
			"scope": "instance",
			"default": "true"
		},
		{
			"kind": "member",
			"type": "number",
			"name": "far",
			"memberof": "gd3d.framework.camera",
			"scope": "instance"
		},
		{
			"kind": "member",
			"type": "number",
			"name": "fov",
			"memberof": "gd3d.framework.camera",
			"scope": "instance",
			"default": "Math.PI * 0.25"
		},
		{
			"kind": "member",
			"type": "gd3d.framework.gameObject",
			"name": "gameObject",
			"memberof": "gd3d.framework.camera",
			"scope": "instance"
		},
		{
			"kind": "member",
			"type": "number",
			"name": "index",
			"memberof": "gd3d.framework.camera",
			"scope": "instance",
			"description": "//CullingMask: CullingMask = CullingMask.everything;"
		},
		{
			"kind": "member",
			"type": "boolean",
			"name": "isMainCamera",
			"memberof": "gd3d.framework.camera",
			"scope": "instance",
			"default": "false"
		},
		{
			"kind": "member",
			"type": "number",
			"name": "near",
			"memberof": "gd3d.framework.camera",
			"scope": "instance"
		},
		{
			"kind": "member",
			"type": "number",
			"name": "opvalue",
			"memberof": "gd3d.framework.camera",
			"scope": "instance",
			"default": "1"
		},
		{
			"kind": "member",
			"type": "number",
			"name": "order",
			"memberof": "gd3d.framework.camera",
			"scope": "instance",
			"default": "0"
		},
		{
			"kind": "member",
			"type": "gd3d.framework.ICameraPostQueue[]",
			"name": "postQueues",
			"memberof": "gd3d.framework.camera",
			"scope": "instance",
			"default": "[]"
		},
		{
			"kind": "member",
			"type": "gd3d.render.glRenderTarget",
			"name": "renderTarget",
			"memberof": "gd3d.framework.camera",
			"scope": "instance",
			"default": "null"
		},
		{
			"kind": "member",
			"type": "number",
			"name": "size",
			"memberof": "gd3d.framework.camera",
			"scope": "instance",
			"default": "2"
		},
		{
			"kind": "member",
			"type": "gd3d.math.rect",
			"name": "viewport",
			"memberof": "gd3d.framework.camera",
			"scope": "instance",
			"default": "new gd3d.math.rect(0, 0, 1, 1)"
		}
	],
	"function": [
		{
			"kind": "function",
			"name": "addOverLay",
			"memberof": "gd3d.framework.camera",
			"scope": "instance",
			"params": [
				{
					"name": "overLay",
					"type": "gd3d.framework.IOverLay",
					"description": ""
				}
			]
		},
		{
			"kind": "function",
			"name": "addOverLayAt",
			"memberof": "gd3d.framework.camera",
			"scope": "instance",
			"params": [
				{
					"name": "overLay",
					"type": "gd3d.framework.IOverLay",
					"description": ""
				},
				{
					"name": "index",
					"type": "number",
					"description": ""
				}
			]
		},
		{
			"kind": "function",
			"name": "calcCameraFrame",
			"memberof": "gd3d.framework.camera",
			"scope": "instance",
			"params": [
				{
					"name": "app",
					"type": "gd3d.framework.application",
					"description": ""
				}
			]
		},
		{
			"kind": "function",
			"name": "calcProjectMatrix",
			"memberof": "gd3d.framework.camera",
			"scope": "instance",
			"params": [
				{
					"name": "asp",
					"type": "number",
					"description": ""
				},
				{
					"name": "matrix",
					"type": "gd3d.math.matrix",
					"description": ""
				}
			]
		},
		{
			"kind": "function",
			"name": "calcScreenPosFromWorldPos",
			"memberof": "gd3d.framework.camera",
			"scope": "instance",
			"params": [
				{
					"name": "app",
					"type": "gd3d.framework.application",
					"description": ""
				},
				{
					"name": "worldPos",
					"type": "gd3d.math.vector3",
					"description": ""
				},
				{
					"name": "outScreenPos",
					"type": "gd3d.math.vector2",
					"description": ""
				}
			]
		},
		{
			"kind": "function",
			"name": "calcViewMatrix",
			"memberof": "gd3d.framework.camera",
			"scope": "instance",
			"params": [
				{
					"name": "matrix",
					"type": "gd3d.math.matrix",
					"description": ""
				}
			]
		},
		{
			"kind": "function",
			"name": "calcViewPortPixel",
			"memberof": "gd3d.framework.camera",
			"scope": "instance",
			"params": [
				{
					"name": "app",
					"type": "gd3d.framework.application",
					"description": ""
				},
				{
					"name": "viewPortPixel",
					"type": "gd3d.math.rect",
					"description": ""
				}
			]
		},
		{
			"kind": "function",
			"name": "calcWorldPosFromScreenPos",
			"memberof": "gd3d.framework.camera",
			"scope": "instance",
			"params": [
				{
					"name": "app",
					"type": "gd3d.framework.application",
					"description": ""
				},
				{
					"name": "screenPos",
					"type": "gd3d.math.vector3",
					"description": ""
				},
				{
					"name": "outWorldPos",
					"type": "gd3d.math.vector3",
					"description": ""
				}
			]
		},
		{
			"kind": "function",
			"name": "clone",
			"memberof": "gd3d.framework.camera",
			"scope": "instance"
		},
		{
			"kind": "function",
			"type": "gd3d.framework.ray",
			"name": "creatRayByScreen",
			"memberof": "gd3d.framework.camera",
			"scope": "instance",
			"params": [
				{
					"name": "screenpos",
					"type": "gd3d.math.vector2",
					"description": ""
				},
				{
					"name": "app",
					"type": "gd3d.framework.application",
					"description": ""
				}
			]
		},
		{
			"kind": "function",
			"name": "fillRenderer",
			"memberof": "gd3d.framework.camera",
			"scope": "instance",
			"description": "//检查可见的列表",
			"params": [
				{
					"name": "scene",
					"type": "gd3d.framework.scene",
					"description": ""
				}
			]
		},
		{
			"kind": "function",
			"name": "getOverLays",
			"memberof": "gd3d.framework.camera",
			"scope": "instance"
		},
		{
			"kind": "function",
			"name": "getPosAtXPanelInViewCoordinateByScreenPos",
			"memberof": "gd3d.framework.camera",
			"scope": "instance",
			"params": [
				{
					"name": "screenPos",
					"type": "gd3d.math.vector2",
					"description": ""
				},
				{
					"name": "app",
					"type": "gd3d.framework.application",
					"description": ""
				},
				{
					"name": "z",
					"type": "number",
					"description": ""
				},
				{
					"name": "out",
					"type": "gd3d.math.vector2",
					"description": ""
				}
			]
		},
		{
			"kind": "function",
			"name": "markDirty",
			"memberof": "gd3d.framework.camera",
			"scope": "instance"
		},
		{
			"kind": "function",
			"name": "remove",
			"memberof": "gd3d.framework.camera",
			"scope": "instance"
		},
		{
			"kind": "function",
			"name": "removeOverLay",
			"memberof": "gd3d.framework.camera",
			"scope": "instance",
			"params": [
				{
					"name": "overLay",
					"type": "gd3d.framework.IOverLay",
					"description": ""
				}
			]
		},
		{
			"kind": "function",
			"name": "renderScene",
			"memberof": "gd3d.framework.camera",
			"scope": "instance",
			"params": [
				{
					"name": "scene",
					"type": "gd3d.framework.scene",
					"description": ""
				},
				{
					"name": "context",
					"type": "gd3d.framework.renderContext",
					"description": ""
				}
			]
		},
		{
			"kind": "function",
			"name": "start",
			"memberof": "gd3d.framework.camera",
			"scope": "instance"
		},
		{
			"kind": "function",
			"name": "testFrustumCulling",
			"memberof": "gd3d.framework.camera",
			"scope": "instance",
			"params": [
				{
					"name": "scene",
					"type": "gd3d.framework.scene",
					"description": ""
				},
				{
					"name": "node",
					"type": "gd3d.framework.transform",
					"description": ""
				}
			]
		},
		{
			"kind": "function",
			"name": "update",
			"memberof": "gd3d.framework.camera",
			"scope": "instance",
			"params": [
				{
					"name": "delta",
					"type": "number",
					"description": ""
				}
			]
		}
	],
	"globalMember": [],
	"globalFunction": [],
	"class": {
		"kind": "class",
		"name": "camera",
		"memberof": "gd3d.framework",
		"filename": "framework\\component\\camera.ts",
		"description": "// }",
		"implements": [
			{
				"name": "gd3d.framework.INodeComponent"
			}
		]
	}
}