{
	"member": [
		{
			"kind": "member",
			"type": "gd3d.math.color",
			"name": "color_one",
			"memberof": "gd3d.math.pool",
			"scope": "static",
			"rwType": 1
		},
		{
			"kind": "member",
			"name": "n",
			"memberof": "gd3d.math.pool",
			"scope": "instance"
		},
		{
			"kind": "member",
			"type": "gd3d.math.vector2",
			"name": "vector2_right",
			"memberof": "gd3d.math.pool",
			"scope": "static",
			"rwType": 1
		},
		{
			"kind": "member",
			"type": "gd3d.math.vector2",
			"name": "vector2_up",
			"memberof": "gd3d.math.pool",
			"scope": "static",
			"rwType": 1
		},
		{
			"kind": "member",
			"type": "gd3d.math.vector3",
			"name": "vector3_forward",
			"memberof": "gd3d.math.pool",
			"scope": "static",
			"rwType": 1
		},
		{
			"kind": "member",
			"type": "gd3d.math.vector3",
			"name": "vector3_one",
			"memberof": "gd3d.math.pool",
			"scope": "static",
			"rwType": 1
		},
		{
			"kind": "member",
			"type": "gd3d.math.vector3",
			"name": "vector3_right",
			"memberof": "gd3d.math.pool",
			"scope": "static",
			"rwType": 1
		},
		{
			"kind": "member",
			"type": "gd3d.math.vector3",
			"name": "vector3_up",
			"memberof": "gd3d.math.pool",
			"scope": "static",
			"rwType": 1
		},
		{
			"kind": "member",
			"type": "gd3d.math.vector3",
			"name": "vector3_zero",
			"memberof": "gd3d.math.pool",
			"scope": "static",
			"rwType": 1
		},
		{
			"kind": "member",
			"type": "gd3d.math.vector4",
			"name": "vector4_one",
			"memberof": "gd3d.math.pool",
			"scope": "static",
			"rwType": 1
		}
	],
	"function": [
		{
			"kind": "function",
			"type": "gd3d.math.matrix",
			"name": "clone_matrix",
			"memberof": "gd3d.math.pool",
			"scope": "static",
			"params": [
				{
					"name": "src",
					"type": "gd3d.math.matrix",
					"description": ""
				}
			]
		},
		{
			"kind": "function",
			"type": "gd3d.math.matrix3x2",
			"name": "clone_matrix3x2",
			"memberof": "gd3d.math.pool",
			"scope": "static",
			"params": [
				{
					"name": "src",
					"type": "gd3d.math.matrix3x2",
					"description": ""
				}
			]
		},
		{
			"kind": "function",
			"type": "gd3d.math.quaternion",
			"name": "clone_quaternion",
			"memberof": "gd3d.math.pool",
			"scope": "static",
			"params": [
				{
					"name": "src",
					"type": "gd3d.math.quaternion",
					"description": ""
				}
			]
		},
		{
			"kind": "function",
			"type": "gd3d.math.vector2",
			"name": "clone_vector2",
			"memberof": "gd3d.math.pool",
			"scope": "static",
			"params": [
				{
					"name": "src",
					"type": "gd3d.math.vector2",
					"description": ""
				}
			]
		},
		{
			"kind": "function",
			"type": "gd3d.math.vector3",
			"name": "clone_vector3",
			"memberof": "gd3d.math.pool",
			"scope": "static",
			"params": [
				{
					"name": "src",
					"type": "gd3d.math.vector3",
					"description": ""
				}
			]
		},
		{
			"kind": "function",
			"type": "gd3d.math.vector4",
			"name": "clone_vector4",
			"memberof": "gd3d.math.pool",
			"scope": "static",
			"params": [
				{
					"name": "src",
					"type": "gd3d.math.vector4",
					"description": ""
				}
			]
		},
		{
			"kind": "function",
			"name": "collect_all",
			"memberof": "gd3d.math.pool",
			"scope": "static"
		},
		{
			"kind": "function",
			"name": "collect_color",
			"memberof": "gd3d.math.pool",
			"scope": "static"
		},
		{
			"kind": "function",
			"name": "collect_matrix",
			"memberof": "gd3d.math.pool",
			"scope": "static"
		},
		{
			"kind": "function",
			"name": "collect_matrix3x2",
			"memberof": "gd3d.math.pool",
			"scope": "static"
		},
		{
			"kind": "function",
			"name": "collect_quaternion",
			"memberof": "gd3d.math.pool",
			"scope": "static"
		},
		{
			"kind": "function",
			"name": "collect_vector2",
			"memberof": "gd3d.math.pool",
			"scope": "static"
		},
		{
			"kind": "function",
			"name": "collect_vector3",
			"memberof": "gd3d.math.pool",
			"scope": "static"
		},
		{
			"kind": "function",
			"name": "collect_vector4",
			"memberof": "gd3d.math.pool",
			"scope": "static"
		},
		{
			"kind": "function",
			"type": "void",
			"name": "delete_color",
			"memberof": "gd3d.math.pool",
			"scope": "static",
			"params": [
				{
					"name": "v",
					"type": "gd3d.math.color",
					"description": ""
				}
			]
		},
		{
			"kind": "function",
			"type": "void",
			"name": "delete_matrix",
			"memberof": "gd3d.math.pool",
			"scope": "static",
			"params": [
				{
					"name": "v",
					"type": "gd3d.math.matrix",
					"description": ""
				}
			]
		},
		{
			"kind": "function",
			"type": "void",
			"name": "delete_matrix3x2",
			"memberof": "gd3d.math.pool",
			"scope": "static",
			"params": [
				{
					"name": "v",
					"type": "gd3d.math.matrix3x2",
					"description": ""
				}
			]
		},
		{
			"kind": "function",
			"type": "void",
			"name": "delete_quaternion",
			"memberof": "gd3d.math.pool",
			"scope": "static",
			"params": [
				{
					"name": "v",
					"type": "gd3d.math.quaternion",
					"description": ""
				}
			]
		},
		{
			"kind": "function",
			"type": "void",
			"name": "delete_vector2",
			"memberof": "gd3d.math.pool",
			"scope": "static",
			"params": [
				{
					"name": "v",
					"type": "gd3d.math.vector2",
					"description": ""
				}
			]
		},
		{
			"kind": "function",
			"type": "void",
			"name": "delete_vector2Array",
			"memberof": "gd3d.math.pool",
			"scope": "static",
			"params": [
				{
					"name": "vs",
					"type": "gd3d.math.vector2[]",
					"description": ""
				}
			]
		},
		{
			"kind": "function",
			"type": "void",
			"name": "delete_vector3",
			"memberof": "gd3d.math.pool",
			"scope": "static",
			"params": [
				{
					"name": "v",
					"type": "gd3d.math.vector3",
					"description": ""
				}
			]
		},
		{
			"kind": "function",
			"type": "void",
			"name": "delete_vector4",
			"memberof": "gd3d.math.pool",
			"scope": "static",
			"params": [
				{
					"name": "v",
					"type": "gd3d.math.vector4",
					"description": ""
				}
			]
		},
		{
			"kind": "function",
			"type": "gd3d.math.color",
			"name": "new_color",
			"memberof": "gd3d.math.pool",
			"scope": "static"
		},
		{
			"kind": "function",
			"type": "gd3d.math.matrix",
			"name": "new_matrix",
			"memberof": "gd3d.math.pool",
			"scope": "static"
		},
		{
			"kind": "function",
			"type": "gd3d.math.matrix3x2",
			"name": "new_matrix3x2",
			"memberof": "gd3d.math.pool",
			"scope": "static"
		},
		{
			"kind": "function",
			"type": "gd3d.math.quaternion",
			"name": "new_quaternion",
			"memberof": "gd3d.math.pool",
			"scope": "static"
		},
		{
			"kind": "function",
			"type": "gd3d.math.vector2",
			"name": "new_vector2",
			"memberof": "gd3d.math.pool",
			"scope": "static"
		},
		{
			"kind": "function",
			"type": "gd3d.math.vector3",
			"name": "new_vector3",
			"memberof": "gd3d.math.pool",
			"scope": "static"
		},
		{
			"kind": "function",
			"type": "gd3d.math.vector4",
			"name": "new_vector4",
			"memberof": "gd3d.math.pool",
			"scope": "static"
		}
	],
	"globalMember": [],
	"globalFunction": [],
	"class": {
		"kind": "class",
		"name": "pool",
		"memberof": "gd3d.math",
		"filename": "render\\pool.ts"
	}
}