{
	"member": [
		{
			"kind": "member",
			"type": "gd3d.framework.gameObject",
			"name": "gameObject",
			"memberof": "gd3d.framework.INodeComponent",
			"scope": "instance",
			"inherited": true,
			"inherits": "gd3d.framework.INodeComponent"
		},
		{
			"kind": "member",
			"type": "gd3d.framework.RenderLayerEnum",
			"name": "layer",
			"memberof": "gd3d.framework.IRenderer",
			"scope": "instance"
		},
		{
			"kind": "member",
			"type": "number",
			"name": "queue",
			"memberof": "gd3d.framework.IRenderer",
			"scope": "instance"
		},
		{
			"kind": "member",
			"type": "gd3d.framework.CullingMask",
			"name": "renderLayer",
			"memberof": "gd3d.framework.IRenderer",
			"scope": "instance"
		}
	],
	"function": [
		{
			"kind": "function",
			"name": "render",
			"memberof": "gd3d.framework.IRenderer",
			"scope": "instance",
			"params": [
				{
					"name": "context",
					"type": "gd3d.framework.renderContext",
					"description": ""
				},
				{
					"name": "assetmgr",
					"type": "gd3d.framework.assetMgr",
					"description": ""
				},
				{
					"name": "camera",
					"type": "gd3d.framework.camera",
					"description": ""
				}
			]
		}
	],
	"globalMember": [],
	"globalFunction": [],
	"class": {
		"kind": "interface",
		"name": "IRenderer",
		"memberof": "gd3d.framework",
		"filename": "framework\\scene\\render.ts",
		"description": "渲染器接口 继承自组件接口",
		"version": "egret-gd3d 1.0",
		"augments": [
			"gd3d.framework.INodeComponent"
		]
	}
}