{
	"member": [
		{
			"kind": "member",
			"type": "gd3d.framework.effectSystem",
			"name": "effectSys",
			"memberof": "gd3d.framework.Particles",
			"scope": "instance"
		},
		{
			"kind": "member",
			"type": "gd3d.framework.EmissionElement[]",
			"name": "emissionElements",
			"memberof": "gd3d.framework.Particles",
			"scope": "instance",
			"default": "[]"
		},
		{
			"kind": "member",
			"type": "gd3d.framework.gameObject",
			"name": "gameObject",
			"memberof": "gd3d.framework.Particles",
			"scope": "instance"
		},
		{
			"kind": "member",
			"type": "number",
			"name": "loopFrame",
			"memberof": "gd3d.framework.Particles",
			"scope": "instance",
			"default": "Number.MAX_VALUE"
		},
		{
			"kind": "member",
			"type": "string",
			"name": "name",
			"memberof": "gd3d.framework.Particles",
			"scope": "instance"
		}
	],
	"function": [
		{
			"kind": "function",
			"name": "Particles",
			"memberof": "gd3d.framework.Particles",
			"scope": "instance",
			"params": [
				{
					"name": "sys",
					"type": "gd3d.framework.effectSystem",
					"description": ""
				}
			]
		},
		{
			"kind": "function",
			"name": "addEmission",
			"memberof": "gd3d.framework.Particles",
			"scope": "instance",
			"params": [
				{
					"name": "_emissionNew",
					"type": "gd3d.framework.EffectElementData",
					"description": ""
				}
			]
		},
		{
			"kind": "function",
			"name": "dispose",
			"memberof": "gd3d.framework.Particles",
			"scope": "instance"
		},
		{
			"kind": "function",
			"name": "render",
			"memberof": "gd3d.framework.Particles",
			"scope": "instance",
			"params": [
				{
					"name": "context",
					"type": "gd3d.framework.renderContext",
					"description": ""
				},
				{
					"name": "assetmgr",
					"type": "gd3d.framework.assetMgr",
					"description": ""
				},
				{
					"name": "camera",
					"type": "gd3d.framework.camera",
					"description": ""
				}
			]
		},
		{
			"kind": "function",
			"name": "update",
			"memberof": "gd3d.framework.Particles",
			"scope": "instance",
			"params": [
				{
					"name": "delta",
					"type": "number",
					"description": ""
				}
			]
		}
	],
	"globalMember": [],
	"globalFunction": [],
	"class": {
		"kind": "class",
		"name": "Particles",
		"memberof": "gd3d.framework",
		"filename": "framework\\particle\\particletool\\particles.ts",
		"description": "//特效系统中的发射器都丢在这里"
	}
}