{
	"member": [
		{
			"kind": "member",
			"name": "alive",
			"memberof": "gd3d.framework.Particle1",
			"scope": "instance"
		},
		{
			"kind": "member",
			"type": "number",
			"name": "alpha",
			"memberof": "gd3d.framework.Particle1",
			"scope": "instance"
		},
		{
			"kind": "member",
			"type": "gd3d.math.vector3",
			"name": "angleVec",
			"memberof": "gd3d.framework.Particle1",
			"scope": "instance",
			"default": "new gd3d.math.vector3()"
		},
		{
			"kind": "member",
			"type": "gd3d.math.vector3",
			"name": "angularVelocity",
			"memberof": "gd3d.framework.Particle1",
			"scope": "instance",
			"description": "//startRot: gd3d.math.vector3;"
		},
		{
			"kind": "member",
			"type": "gd3d.math.vector4",
			"name": "color",
			"memberof": "gd3d.framework.Particle1",
			"scope": "instance"
		},
		{
			"kind": "member",
			"type": "gd3d.math.vector3",
			"name": "curPosttion",
			"memberof": "gd3d.framework.Particle1",
			"scope": "instance"
		},
		{
			"kind": "member",
			"type": "number",
			"name": "gravityModifier",
			"memberof": "gd3d.framework.Particle1",
			"scope": "instance"
		},
		{
			"kind": "member",
			"type": "number",
			"name": "gravitySpeed",
			"memberof": "gd3d.framework.Particle1",
			"scope": "instance"
		},
		{
			"kind": "member",
			"type": "boolean",
			"name": "isinit",
			"memberof": "gd3d.framework.Particle1",
			"scope": "instance"
		},
		{
			"kind": "member",
			"name": "lifeLocation",
			"memberof": "gd3d.framework.Particle1",
			"scope": "instance",
			"rwType": 1
		},
		{
			"kind": "member",
			"type": "gd3d.math.vector3",
			"name": "localTranslate",
			"memberof": "gd3d.framework.Particle1",
			"scope": "instance"
		},
		{
			"kind": "member",
			"type": "gd3d.math.matrix",
			"name": "matrix",
			"memberof": "gd3d.framework.Particle1",
			"scope": "instance"
		},
		{
			"kind": "member",
			"type": "gd3d.framework.mesh",
			"name": "mesh",
			"memberof": "gd3d.framework.Particle1",
			"scope": "instance"
		},
		{
			"kind": "member",
			"type": "gd3d.math.vector3",
			"name": "scale",
			"memberof": "gd3d.framework.Particle1",
			"scope": "instance"
		},
		{
			"kind": "member",
			"type": "gd3d.math.vector3",
			"name": "startPosition",
			"memberof": "gd3d.framework.Particle1",
			"scope": "instance"
		},
		{
			"kind": "member",
			"type": "Float32Array",
			"name": "vertexArr",
			"memberof": "gd3d.framework.Particle1",
			"scope": "instance"
		},
		{
			"kind": "member",
			"type": "number",
			"name": "vertexStartIndex",
			"memberof": "gd3d.framework.Particle1",
			"scope": "instance"
		}
	],
	"function": [
		{
			"kind": "function",
			"name": "Particle1",
			"memberof": "gd3d.framework.Particle1",
			"scope": "instance",
			"params": [
				{
					"name": "_shape",
					"type": "gd3d.framework.mesh",
					"description": ""
				},
				{
					"name": "particleData",
					"type": "gd3d.framework.CParticleData",
					"description": ""
				},
				{
					"name": "MeshBatcher",
					"type": "gd3d.framework.MeshBatcher",
					"description": ""
				}
			]
		},
		{
			"kind": "function",
			"name": "addAlphaNode",
			"memberof": "gd3d.framework.Particle1",
			"scope": "instance",
			"params": [
				{
					"name": "node",
					"type": "gd3d.framework.EffectAlphaNode",
					"description": ""
				}
			]
		},
		{
			"kind": "function",
			"name": "addColorNode",
			"memberof": "gd3d.framework.Particle1",
			"scope": "instance",
			"params": [
				{
					"name": "node",
					"type": "gd3d.framework.EffectColorNode",
					"description": ""
				}
			]
		},
		{
			"kind": "function",
			"name": "addScaleNode",
			"memberof": "gd3d.framework.Particle1",
			"scope": "instance",
			"params": [
				{
					"name": "node",
					"type": "gd3d.framework.EffectScaleNode",
					"description": ""
				}
			]
		},
		{
			"kind": "function",
			"name": "clear",
			"memberof": "gd3d.framework.Particle1",
			"scope": "instance"
		},
		{
			"kind": "function",
			"name": "parseByData",
			"memberof": "gd3d.framework.Particle1",
			"scope": "instance",
			"params": [
				{
					"name": "p",
					"type": "gd3d.framework.CParticleData",
					"description": ""
				}
			]
		},
		{
			"kind": "function",
			"name": "resetMatrix",
			"memberof": "gd3d.framework.Particle1",
			"scope": "instance"
		},
		{
			"kind": "function",
			"name": "update",
			"memberof": "gd3d.framework.Particle1",
			"scope": "instance",
			"params": [
				{
					"name": "delta",
					"type": "number",
					"description": ""
				}
			]
		},
		{
			"kind": "function",
			"name": "updatecolor",
			"memberof": "gd3d.framework.Particle1",
			"scope": "instance",
			"params": [
				{
					"name": "deltaTime",
					"type": "number",
					"description": ""
				}
			]
		},
		{
			"kind": "function",
			"name": "updategravity",
			"memberof": "gd3d.framework.Particle1",
			"scope": "instance",
			"params": [
				{
					"name": "deltaTime",
					"type": "number",
					"description": ""
				}
			]
		},
		{
			"kind": "function",
			"type": "boolean",
			"name": "updatelifetime",
			"memberof": "gd3d.framework.Particle1",
			"scope": "instance",
			"params": [
				{
					"name": "deltaTime",
					"type": "number",
					"description": ""
				}
			]
		},
		{
			"kind": "function",
			"name": "updatematrix",
			"memberof": "gd3d.framework.Particle1",
			"scope": "instance"
		},
		{
			"kind": "function",
			"name": "updateposition",
			"memberof": "gd3d.framework.Particle1",
			"scope": "instance",
			"params": [
				{
					"name": "deltaTime",
					"type": "number",
					"description": ""
				}
			]
		},
		{
			"kind": "function",
			"name": "updaterot",
			"memberof": "gd3d.framework.Particle1",
			"scope": "instance",
			"params": [
				{
					"name": "delta",
					"type": "number",
					"description": ""
				}
			]
		},
		{
			"kind": "function",
			"name": "updatescale",
			"memberof": "gd3d.framework.Particle1",
			"scope": "instance",
			"params": [
				{
					"name": "deltaTime",
					"type": "number",
					"description": ""
				}
			]
		}
	],
	"globalMember": [],
	"globalFunction": [],
	"class": {
		"kind": "class",
		"name": "Particle1",
		"memberof": "gd3d.framework",
		"filename": "framework\\component\\particle\\particletool\\meshbatcher.ts"
	}
}