{
	"member": [
		{
			"kind": "member",
			"type": "Function[]",
			"name": "funcs",
			"memberof": "gd3d.framework.UIEvent",
			"scope": "instance",
			"default": "[]"
		}
	],
	"function": [
		{
			"kind": "function",
			"name": "addListener",
			"memberof": "gd3d.framework.UIEvent",
			"scope": "instance",
			"params": [
				{
					"name": "func",
					"type": "Function",
					"description": ""
				}
			]
		},
		{
			"kind": "function",
			"name": "clear",
			"memberof": "gd3d.framework.UIEvent",
			"scope": "instance"
		},
		{
			"kind": "function",
			"name": "excute",
			"memberof": "gd3d.framework.UIEvent",
			"scope": "instance"
		}
	],
	"globalMember": [],
	"globalFunction": [],
	"class": {
		"kind": "class",
		"name": "UIEvent",
		"memberof": "gd3d.framework",
		"filename": "framework\\2d\\event2d.ts",
		"description": "ui事件",
		"version": "egret-gd3d 1.0"
	}
}