{
	"member": [
		{
			"kind": "member",
			"type": "gd3d.render.number4[]",
			"name": "blendIndex",
			"memberof": "gd3d.render.meshData",
			"scope": "instance"
		},
		{
			"kind": "member",
			"type": "gd3d.render.number4[]",
			"name": "blendWeight",
			"memberof": "gd3d.render.meshData",
			"scope": "instance"
		},
		{
			"kind": "member",
			"type": "gd3d.math.color[]",
			"name": "color",
			"memberof": "gd3d.render.meshData",
			"scope": "instance"
		},
		{
			"kind": "member",
			"type": "gd3d.math.color[]",
			"name": "colorex",
			"memberof": "gd3d.render.meshData",
			"scope": "instance"
		},
		{
			"kind": "member",
			"type": "gd3d.math.vector3[]",
			"name": "normal",
			"memberof": "gd3d.render.meshData",
			"scope": "instance"
		},
		{
			"kind": "member",
			"type": "gd3d.math.vector3[]",
			"name": "pos",
			"memberof": "gd3d.render.meshData",
			"scope": "instance"
		},
		{
			"kind": "member",
			"type": "gd3d.math.vector3[]",
			"name": "tangent",
			"memberof": "gd3d.render.meshData",
			"scope": "instance"
		},
		{
			"kind": "member",
			"type": "number[]",
			"name": "trisindex",
			"memberof": "gd3d.render.meshData",
			"scope": "instance",
			"description": "//三角形索引"
		},
		{
			"kind": "member",
			"type": "gd3d.math.vector2[]",
			"name": "uv",
			"memberof": "gd3d.render.meshData",
			"scope": "instance"
		},
		{
			"kind": "member",
			"type": "gd3d.math.vector2[]",
			"name": "uv2",
			"memberof": "gd3d.render.meshData",
			"scope": "instance"
		}
	],
	"function": [
		{
			"kind": "function",
			"type": "void",
			"name": "addQuadPos",
			"memberof": "gd3d.render.meshData",
			"scope": "static",
			"params": [
				{
					"name": "data",
					"type": "gd3d.render.meshData",
					"description": ""
				},
				{
					"name": "quad",
					"type": "gd3d.math.vector3[]",
					"description": ""
				}
			]
		},
		{
			"kind": "function",
			"type": "void",
			"name": "addQuadPos_Quad",
			"memberof": "gd3d.render.meshData",
			"scope": "static",
			"params": [
				{
					"name": "data",
					"type": "gd3d.render.meshData",
					"description": ""
				},
				{
					"name": "quad",
					"type": "gd3d.math.vector3[]",
					"description": ""
				}
			]
		},
		{
			"kind": "function",
			"type": "void",
			"name": "addQuadVec2",
			"memberof": "gd3d.render.meshData",
			"scope": "static",
			"params": [
				{
					"name": "array",
					"type": "gd3d.math.vector2[]",
					"description": ""
				},
				{
					"name": "quad",
					"type": "gd3d.math.vector2[]",
					"description": ""
				}
			]
		},
		{
			"kind": "function",
			"type": "void",
			"name": "addQuadVec3",
			"memberof": "gd3d.render.meshData",
			"scope": "static",
			"params": [
				{
					"name": "array",
					"type": "gd3d.math.vector3[]",
					"description": ""
				},
				{
					"name": "quad",
					"type": "gd3d.math.vector3[]",
					"description": ""
				}
			]
		},
		{
			"kind": "function",
			"type": "void",
			"name": "addQuadVec3ByValue",
			"memberof": "gd3d.render.meshData",
			"scope": "static",
			"params": [
				{
					"name": "array",
					"type": "gd3d.math.vector3[]",
					"description": ""
				},
				{
					"name": "value",
					"type": "gd3d.math.vector3",
					"description": ""
				}
			]
		},
		{
			"kind": "function",
			"type": "number",
			"name": "caclByteLength",
			"memberof": "gd3d.render.meshData",
			"scope": "instance"
		},
		{
			"kind": "function",
			"type": "number",
			"name": "calcByteSize",
			"memberof": "gd3d.render.meshData",
			"scope": "static",
			"params": [
				{
					"name": "vf",
					"type": "gd3d.render.VertexFormatMask",
					"description": ""
				}
			]
		},
		{
			"kind": "function",
			"type": "gd3d.render.meshData",
			"name": "genBoxByArray",
			"memberof": "gd3d.render.meshData",
			"scope": "static",
			"params": [
				{
					"name": "array",
					"type": "gd3d.math.vector3[]",
					"description": ""
				}
			]
		},
		{
			"kind": "function",
			"type": "gd3d.render.meshData",
			"name": "genBoxByArray_Quad",
			"memberof": "gd3d.render.meshData",
			"scope": "static",
			"params": [
				{
					"name": "array",
					"type": "gd3d.math.vector3[]",
					"description": ""
				}
			]
		},
		{
			"kind": "function",
			"type": "gd3d.render.meshData",
			"name": "genBoxCCW",
			"memberof": "gd3d.render.meshData",
			"scope": "static",
			"params": [
				{
					"name": "size",
					"type": "number",
					"description": ""
				}
			]
		},
		{
			"kind": "function",
			"type": "gd3d.render.meshData",
			"name": "genCircleLineCCW",
			"memberof": "gd3d.render.meshData",
			"scope": "static",
			"params": [
				{
					"name": "radius",
					"type": "number",
					"description": ""
				},
				{
					"name": "segment",
					"type": "number",
					"default": "64",
					"description": ""
				},
				{
					"name": "wide",
					"type": "number",
					"default": "0.05",
					"description": ""
				}
			]
		},
		{
			"kind": "function",
			"type": "gd3d.render.meshData",
			"name": "genCylinderCCW",
			"memberof": "gd3d.render.meshData",
			"scope": "static",
			"params": [
				{
					"name": "height",
					"type": "number",
					"description": ""
				},
				{
					"name": "radius",
					"type": "number",
					"description": ""
				},
				{
					"name": "segment",
					"default": "20",
					"description": ""
				}
			]
		},
		{
			"kind": "function",
			"type": "Uint16Array",
			"name": "genIndexDataArray",
			"memberof": "gd3d.render.meshData",
			"scope": "instance"
		},
		{
			"kind": "function",
			"type": "Uint16Array",
			"name": "genIndexDataArrayQuad2Line",
			"memberof": "gd3d.render.meshData",
			"scope": "instance"
		},
		{
			"kind": "function",
			"type": "Uint16Array",
			"name": "genIndexDataArrayTri2Line",
			"memberof": "gd3d.render.meshData",
			"scope": "instance"
		},
		{
			"kind": "function",
			"type": "gd3d.render.meshData",
			"name": "genPlaneCCW",
			"memberof": "gd3d.render.meshData",
			"scope": "static",
			"params": [
				{
					"name": "size",
					"type": "number",
					"description": ""
				}
			]
		},
		{
			"kind": "function",
			"type": "gd3d.render.meshData",
			"name": "genPyramid",
			"memberof": "gd3d.render.meshData",
			"scope": "static",
			"params": [
				{
					"name": "height",
					"type": "number",
					"description": ""
				},
				{
					"name": "halfsize",
					"type": "number",
					"description": ""
				}
			]
		},
		{
			"kind": "function",
			"type": "gd3d.render.meshData",
			"name": "genQuad",
			"memberof": "gd3d.render.meshData",
			"scope": "static",
			"params": [
				{
					"name": "size",
					"type": "number",
					"description": ""
				}
			]
		},
		{
			"kind": "function",
			"type": "gd3d.render.meshData",
			"name": "genQuad_forparticle",
			"memberof": "gd3d.render.meshData",
			"scope": "static",
			"params": [
				{
					"name": "size",
					"type": "number",
					"description": ""
				}
			]
		},
		{
			"kind": "function",
			"type": "gd3d.render.meshData",
			"name": "genSphereCCW",
			"memberof": "gd3d.render.meshData",
			"scope": "static",
			"params": [
				{
					"name": "radius",
					"type": "number",
					"default": "1",
					"description": ""
				},
				{
					"name": "widthSegments",
					"type": "number",
					"default": "24",
					"description": ""
				},
				{
					"name": "heightSegments",
					"type": "number",
					"default": "12",
					"description": ""
				}
			]
		},
		{
			"kind": "function",
			"type": "Float32Array",
			"name": "genVertexDataArray",
			"memberof": "gd3d.render.meshData",
			"scope": "instance",
			"params": [
				{
					"name": "vf",
					"type": "gd3d.render.VertexFormatMask",
					"description": ""
				}
			]
		}
	],
	"globalMember": [],
	"globalFunction": [],
	"class": {
		"kind": "class",
		"name": "meshData",
		"memberof": "gd3d.render",
		"filename": "render\\renderer\\meshdata.ts"
	}
}