{
	"member": [
		{
			"kind": "member",
			"type": "gd3d.framework.canvas",
			"name": "canvas",
			"memberof": "gd3d.framework.transform2D",
			"scope": "instance",
			"description": "当前2d节点所属的canvas",
			"version": "egret-gd3d 1.0"
		},
		{
			"kind": "member",
			"type": "gd3d.framework.transform2D[]",
			"name": "children",
			"memberof": "gd3d.framework.transform2D",
			"scope": "instance",
			"description": "当前2d节点的孩子节点",
			"version": "egret-gd3d 1.0"
		},
		{
			"kind": "member",
			"type": "gd3d.framework.C2DComponent[]",
			"name": "components",
			"memberof": "gd3d.framework.transform2D",
			"scope": "instance",
			"description": "当前节点的所有组件",
			"version": "egret-gd3d 1.0",
			"default": "[]"
		},
		{
			"kind": "member",
			"type": "number",
			"name": "height",
			"memberof": "gd3d.framework.transform2D",
			"scope": "instance",
			"description": "当前2d节点的高",
			"version": "egret-gd3d 1.0"
		},
		{
			"kind": "member",
			"type": "gd3d.framework.HideFlags",
			"name": "hideFlags",
			"memberof": "gd3d.framework.transform2D",
			"scope": "instance",
			"description": "当前2d节点的hideFlag，用来控制2d节点各种形态下的显示隐藏",
			"version": "egret-gd3d 1.0",
			"default": "HideFlags.None"
		},
		{
			"kind": "member",
			"type": "gd3d.framework.insID",
			"name": "insId",
			"memberof": "gd3d.framework.transform2D",
			"scope": "instance",
			"description": "当前节点的唯一id",
			"version": "egret-gd3d 1.0",
			"default": "new insID()"
		},
		{
			"kind": "member",
			"type": "number",
			"name": "localRotate",
			"memberof": "gd3d.framework.transform2D",
			"scope": "instance",
			"description": "当前2d节点的旋转",
			"version": "egret-gd3d 1.0",
			"default": "0"
		},
		{
			"kind": "member",
			"type": "gd3d.math.vector2",
			"name": "localScale",
			"memberof": "gd3d.framework.transform2D",
			"scope": "instance",
			"description": "当前2d节点的缩放",
			"version": "egret-gd3d 1.0",
			"default": "new math.vector2(1, 1)"
		},
		{
			"kind": "member",
			"type": "gd3d.math.vector2",
			"name": "localTranslate",
			"memberof": "gd3d.framework.transform2D",
			"scope": "instance",
			"description": "当前2d节点的位置",
			"version": "egret-gd3d 1.0",
			"default": "new math.vector2(0, 0)"
		},
		{
			"kind": "member",
			"type": "string",
			"name": "name",
			"memberof": "gd3d.framework.transform2D",
			"scope": "instance",
			"description": "当前2d节点的名字",
			"version": "egret-gd3d 1.0",
			"default": "\"noname\""
		},
		{
			"kind": "member",
			"type": "gd3d.framework.transform2D",
			"name": "parent",
			"memberof": "gd3d.framework.transform2D",
			"scope": "instance",
			"description": "当前2d节点的父亲节点",
			"version": "egret-gd3d 1.0"
		},
		{
			"kind": "member",
			"type": "gd3d.math.vector2",
			"name": "pivot",
			"memberof": "gd3d.framework.transform2D",
			"scope": "instance",
			"description": "当前2d节点的中心点位置",
			"version": "egret-gd3d 1.0",
			"default": "new math.vector2(0, 0)"
		},
		{
			"kind": "member",
			"type": "gd3d.framework.IRectRenderer",
			"name": "renderer",
			"memberof": "gd3d.framework.transform2D",
			"scope": "instance",
			"description": "当前节点的渲染组件，一个节点同时只能存在一个渲染组件",
			"version": "egret-gd3d 1.0"
		},
		{
			"kind": "member",
			"type": "boolean",
			"name": "visible",
			"memberof": "gd3d.framework.transform2D",
			"scope": "instance",
			"description": "当前2d节点的隐藏状态",
			"version": "egret-gd3d 1.0"
		},
		{
			"kind": "member",
			"name": "visibleInScene",
			"memberof": "gd3d.framework.transform2D",
			"scope": "instance",
			"rwType": 1,
			"description": "当前2d节点在场景中是否可见</p>如果其父节点不可见，其同样不可见",
			"version": "egret-gd3d 1.0"
		},
		{
			"kind": "member",
			"type": "number",
			"name": "width",
			"memberof": "gd3d.framework.transform2D",
			"scope": "instance",
			"description": "当前2d节点的宽",
			"version": "egret-gd3d 1.0"
		}
	],
	"function": [
		{
			"kind": "function",
			"type": "boolean",
			"name": "ContainsCanvasPoint",
			"memberof": "gd3d.framework.transform2D",
			"scope": "instance",
			"description": "检测以canvas为参考的位置，是否在节点的范围内",
			"version": "egret-gd3d 1.0",
			"params": [
				{
					"name": "pworld",
					"type": "gd3d.math.vector2",
					"description": "位置"
				}
			]
		},
		{
			"kind": "function",
			"name": "addChild",
			"memberof": "gd3d.framework.transform2D",
			"scope": "instance",
			"description": "为当前2d节点添加子节点",
			"version": "egret-gd3d 1.0",
			"params": [
				{
					"name": "node",
					"type": "gd3d.framework.transform2D",
					"description": "要添加的子节点"
				}
			]
		},
		{
			"kind": "function",
			"name": "addChildAt",
			"memberof": "gd3d.framework.transform2D",
			"scope": "instance",
			"description": "为当前2d节点添加子节点,并插入到指定位置",
			"version": "egret-gd3d 1.0",
			"params": [
				{
					"name": "node",
					"type": "gd3d.framework.transform2D",
					"description": "要添加的子节点"
				},
				{
					"name": "index",
					"type": "number",
					"description": "要插入到的位置"
				}
			]
		},
		{
			"kind": "function",
			"type": "gd3d.framework.I2DComponent",
			"name": "addComponent",
			"memberof": "gd3d.framework.transform2D",
			"scope": "instance",
			"description": "为当前节点添加一个组件",
			"version": "egret-gd3d 1.0",
			"params": [
				{
					"name": "type",
					"type": "string",
					"description": "组件名称"
				}
			]
		},
		{
			"kind": "function",
			"type": "gd3d.framework.I2DComponent",
			"name": "addComponentDirect",
			"memberof": "gd3d.framework.transform2D",
			"scope": "instance",
			"description": "为当前节点添加组件",
			"version": "egret-gd3d 1.0",
			"params": [
				{
					"name": "comp",
					"type": "gd3d.framework.I2DComponent",
					"description": "2d组件实例"
				}
			]
		},
		{
			"kind": "function",
			"name": "dispose",
			"memberof": "gd3d.framework.transform2D",
			"scope": "instance",
			"description": "释放当前节点，包括其子节点",
			"version": "egret-gd3d 1.0"
		},
		{
			"kind": "function",
			"type": "gd3d.framework.I2DComponent",
			"name": "getComponent",
			"memberof": "gd3d.framework.transform2D",
			"scope": "instance",
			"description": "获取当前节点的指定组件实例",
			"version": "egret-gd3d 1.0",
			"params": [
				{
					"name": "type",
					"type": "string",
					"description": "2d组件的名字"
				}
			]
		},
		{
			"kind": "function",
			"type": "gd3d.framework.I2DComponent[]",
			"name": "getComponents",
			"memberof": "gd3d.framework.transform2D",
			"scope": "instance",
			"description": "获取当前节点身上所有的组件",
			"version": "egret-gd3d 1.0"
		},
		{
			"kind": "function",
			"type": "gd3d.framework.I2DComponent[]",
			"name": "getComponentsInChildren",
			"memberof": "gd3d.framework.transform2D",
			"scope": "instance",
			"description": "获取当前节点下所有的特定组件",
			"version": "egret-gd3d 1.0",
			"params": [
				{
					"name": "type",
					"type": "string",
					"description": "组件名称"
				}
			]
		},
		{
			"kind": "function",
			"type": "gd3d.math.matrix3x2",
			"name": "getLocalMatrix",
			"memberof": "gd3d.framework.transform2D",
			"scope": "instance",
			"description": "获取当前节点的本地变换矩阵",
			"version": "egret-gd3d 1.0"
		},
		{
			"kind": "function",
			"type": "gd3d.math.matrix3x2",
			"name": "getWorldMatrix",
			"memberof": "gd3d.framework.transform2D",
			"scope": "instance",
			"description": "获取当前节点的世界变换矩阵",
			"version": "egret-gd3d 1.0"
		},
		{
			"kind": "function",
			"name": "getWorldRotate",
			"memberof": "gd3d.framework.transform2D",
			"scope": "instance",
			"description": "获取当前节点的相对于canvas的旋转",
			"version": "egret-gd3d 1.0"
		},
		{
			"kind": "function",
			"name": "getWorldScale",
			"memberof": "gd3d.framework.transform2D",
			"scope": "instance",
			"description": "获取当前节点的相对于canvas的缩放",
			"version": "egret-gd3d 1.0"
		},
		{
			"kind": "function",
			"name": "getWorldTranslate",
			"memberof": "gd3d.framework.transform2D",
			"scope": "instance",
			"description": "获取当前节点的相对于canvas的位置",
			"version": "egret-gd3d 1.0"
		},
		{
			"kind": "function",
			"name": "markDirty",
			"memberof": "gd3d.framework.transform2D",
			"scope": "instance",
			"description": "标记自身脏了",
			"version": "egret-gd3d 1.0"
		},
		{
			"kind": "function",
			"name": "onCapturePointEvent",
			"memberof": "gd3d.framework.transform2D",
			"scope": "instance",
			"description": "捕获事件",
			"version": "egret-gd3d 1.0",
			"params": [
				{
					"name": "canvas",
					"type": "gd3d.framework.canvas",
					"description": "canvas实例"
				},
				{
					"name": "ev",
					"type": "gd3d.framework.PointEvent",
					"description": "事件对象"
				}
			]
		},
		{
			"kind": "function",
			"name": "onPointEvent",
			"memberof": "gd3d.framework.transform2D",
			"scope": "instance",
			"description": "事件分发",
			"version": "egret-gd3d 1.0",
			"params": [
				{
					"name": "canvas",
					"type": "gd3d.framework.canvas",
					"description": "canvas实例"
				},
				{
					"name": "ev",
					"type": "gd3d.framework.PointEvent",
					"description": "事件对象"
				}
			]
		},
		{
			"kind": "function",
			"name": "removeAllChild",
			"memberof": "gd3d.framework.transform2D",
			"scope": "instance",
			"description": "为当前2d节点移除所有子节点",
			"version": "egret-gd3d 1.0"
		},
		{
			"kind": "function",
			"name": "removeAllComponents",
			"memberof": "gd3d.framework.transform2D",
			"scope": "instance",
			"description": "移除当前节点下的所有组件",
			"version": "egret-gd3d 1.0"
		},
		{
			"kind": "function",
			"name": "removeChild",
			"memberof": "gd3d.framework.transform2D",
			"scope": "instance",
			"description": "为当前2d节点移除子节点",
			"version": "egret-gd3d 1.0",
			"params": [
				{
					"name": "node",
					"type": "gd3d.framework.transform2D",
					"description": ""
				}
			]
		},
		{
			"kind": "function",
			"name": "removeComponent",
			"memberof": "gd3d.framework.transform2D",
			"scope": "instance",
			"description": "移除当前节点下的组件",
			"version": "egret-gd3d 1.0",
			"params": [
				{
					"name": "comp",
					"type": "gd3d.framework.I2DComponent",
					"description": "2d组件实例"
				}
			]
		},
		{
			"kind": "function",
			"name": "removeComponentByTypeName",
			"memberof": "gd3d.framework.transform2D",
			"scope": "instance",
			"description": "移除当前节点下的组件",
			"version": "egret-gd3d 1.0",
			"params": [
				{
					"name": "type",
					"type": "string",
					"description": "2d组件名称"
				}
			]
		},
		{
			"kind": "function",
			"name": "setWorldPosition",
			"memberof": "gd3d.framework.transform2D",
			"scope": "instance",
			"description": "设置当前节点的相对于canvas的位置",
			"version": "egret-gd3d 1.0",
			"params": [
				{
					"name": "pos",
					"type": "gd3d.math.vector2",
					"description": "相对于canvas的位置"
				}
			]
		},
		{
			"kind": "function",
			"name": "update",
			"memberof": "gd3d.framework.transform2D",
			"scope": "instance",
			"description": "当前节点的update",
			"version": "egret-gd3d 1.0",
			"params": [
				{
					"name": "delta",
					"type": "number",
					"description": "两次update的间隔时间"
				}
			]
		},
		{
			"kind": "function",
			"name": "updateTran",
			"memberof": "gd3d.framework.transform2D",
			"scope": "instance",
			"description": "用脏机制来检查自身和子节点。更新位置、缩放、旋转等信息",
			"version": "egret-gd3d 1.0",
			"params": [
				{
					"name": "parentChange",
					"type": "boolean",
					"description": "父节点是否发生变化"
				}
			]
		},
		{
			"kind": "function",
			"name": "updateWorldTran",
			"memberof": "gd3d.framework.transform2D",
			"scope": "instance",
			"description": "更新整个节点结构",
			"version": "egret-gd3d 1.0"
		}
	],
	"globalMember": [],
	"globalFunction": [],
	"class": {
		"kind": "class",
		"name": "transform2D",
		"memberof": "gd3d.framework",
		"filename": "framework\\2d\\transform2d.ts",
		"description": "2d的节点类<p/>相当于3d的tranform和gameobject的合集<p/>自身包含父子关系和组件",
		"version": "egret-gd3d 1.0"
	}
}