{
	"member": [
		{
			"kind": "member",
			"type": "number",
			"name": "height",
			"memberof": "gd3d.render.ITexture",
			"scope": "instance"
		},
		{
			"kind": "member",
			"type": "WebGLTexture",
			"name": "texture",
			"memberof": "gd3d.render.ITexture",
			"scope": "instance"
		},
		{
			"kind": "member",
			"type": "number",
			"name": "width",
			"memberof": "gd3d.render.ITexture",
			"scope": "instance"
		}
	],
	"function": [
		{
			"kind": "function",
			"type": "number",
			"name": "caclByteLength",
			"memberof": "gd3d.render.ITexture",
			"scope": "instance"
		},
		{
			"kind": "function",
			"name": "dispose",
			"memberof": "gd3d.render.ITexture",
			"scope": "instance",
			"params": [
				{
					"name": "webgl",
					"type": "WebGLRenderingContext",
					"description": ""
				}
			]
		},
		{
			"kind": "function",
			"type": "boolean",
			"name": "isFrameBuffer",
			"memberof": "gd3d.render.ITexture",
			"scope": "instance"
		}
	],
	"globalMember": [],
	"globalFunction": [],
	"class": {
		"kind": "interface",
		"name": "ITexture",
		"memberof": "gd3d.render",
		"filename": "render\\resource\\texture.ts"
	}
}