{
	"member": [
		{
			"kind": "member",
			"type": "gd3d.framework.camera",
			"name": "cameraTouch",
			"memberof": "gd3d.framework.canvasRenderer",
			"scope": "instance",
			"description": "//绑定这个canvas 从哪个camera 响应事件"
		},
		{
			"kind": "member",
			"type": "gd3d.framework.canvas",
			"name": "canvas",
			"memberof": "gd3d.framework.canvasRenderer",
			"scope": "instance"
		},
		{
			"kind": "member",
			"type": "gd3d.framework.gameObject",
			"name": "gameObject",
			"memberof": "gd3d.framework.canvasRenderer",
			"scope": "instance"
		},
		{
			"kind": "member",
			"type": "gd3d.framework.inputMgr",
			"name": "inputmgr",
			"memberof": "gd3d.framework.canvasRenderer",
			"scope": "instance"
		},
		{
			"kind": "member",
			"type": "gd3d.framework.RenderLayerEnum",
			"name": "layer",
			"memberof": "gd3d.framework.canvasRenderer",
			"scope": "instance",
			"description": "layer类型",
			"version": "egret-gd3d 1.0",
			"default": "RenderLayerEnum.Common"
		},
		{
			"kind": "member",
			"type": "gd3d.framework.CullingMask",
			"name": "renderLayer",
			"memberof": "gd3d.framework.canvasRenderer",
			"scope": "instance",
			"default": "CullingMask.default"
		}
	],
	"function": [
		{
			"kind": "function",
			"name": "canvasRenderer",
			"memberof": "gd3d.framework.canvasRenderer",
			"scope": "instance",
			"description": "构造函数",
			"version": "egret-gd3d 1.0"
		},
		{
			"kind": "function",
			"name": "addChild",
			"memberof": "gd3d.framework.canvasRenderer",
			"scope": "instance",
			"description": "添加2d子节点",
			"version": "egret-gd3d 1.0",
			"params": [
				{
					"name": "node",
					"type": "gd3d.framework.transform2D",
					"description": ""
				}
			]
		},
		{
			"kind": "function",
			"type": "gd3d.framework.transform2D",
			"name": "getChild",
			"memberof": "gd3d.framework.canvasRenderer",
			"scope": "instance",
			"description": "获取2d子节点",
			"version": "egret-gd3d 1.0",
			"params": [
				{
					"name": "index",
					"type": "number",
					"description": "索引"
				}
			]
		},
		{
			"kind": "function",
			"type": "number",
			"name": "getChildCount",
			"memberof": "gd3d.framework.canvasRenderer",
			"scope": "instance",
			"description": "获取2d子节点的数量",
			"version": "egret-gd3d 1.0"
		},
		{
			"kind": "function",
			"type": "gd3d.framework.transform2D[]",
			"name": "getChildren",
			"memberof": "gd3d.framework.canvasRenderer",
			"scope": "instance",
			"description": "获取所有2d子节点",
			"version": "egret-gd3d 1.0"
		},
		{
			"kind": "function",
			"type": "gd3d.framework.transform2D",
			"name": "pick2d",
			"memberof": "gd3d.framework.canvasRenderer",
			"scope": "instance",
			"description": "射线检测",
			"version": "egret-gd3d 1.0",
			"params": [
				{
					"name": "ray",
					"type": "gd3d.framework.ray",
					"description": "射线"
				}
			]
		},
		{
			"kind": "function",
			"name": "removeChild",
			"memberof": "gd3d.framework.canvasRenderer",
			"scope": "instance",
			"description": "移除2d子节点",
			"version": "egret-gd3d 1.0",
			"params": [
				{
					"name": "node",
					"type": "gd3d.framework.transform2D",
					"description": ""
				}
			]
		},
		{
			"kind": "function",
			"name": "render",
			"memberof": "gd3d.framework.canvasRenderer",
			"scope": "instance",
			"description": "渲染",
			"version": "egret-gd3d 1.0",
			"params": [
				{
					"name": "context",
					"type": "gd3d.framework.renderContext",
					"description": "渲染上下文"
				},
				{
					"name": "assetmgr",
					"type": "gd3d.framework.assetMgr",
					"description": "资源管理类实例"
				},
				{
					"name": "camera",
					"type": "gd3d.framework.camera",
					"description": "相机实例"
				}
			]
		},
		{
			"kind": "function",
			"name": "update",
			"memberof": "gd3d.framework.canvasRenderer",
			"scope": "instance",
			"description": "更新",
			"version": "egret-gd3d 1.0",
			"params": [
				{
					"name": "delta",
					"type": "number",
					"description": "两次update的时间间隔"
				}
			]
		}
	],
	"globalMember": [],
	"globalFunction": [],
	"class": {
		"kind": "class",
		"name": "canvasRenderer",
		"memberof": "gd3d.framework",
		"filename": "framework\\2d\\canvasrenderer.ts",
		"description": "3DUI的容器类</p>3d组件</p>与overlay(2DUI)相对应。",
		"version": "egret-gd3d 1.0",
		"implements": [
			{
				"name": "gd3d.framework.IRenderer"
			},
			{
				"name": "gd3d.framework.ICollider"
			}
		]
	}
}