{
	"member": [
		{
			"kind": "member",
			"type": "Function",
			"name": "afterRender",
			"memberof": "gd3d.framework.canvas",
			"scope": "instance",
			"description": "渲染完成后的回调",
			"version": "egret-gd3d 1.0"
		},
		{
			"kind": "member",
			"type": "gd3d.framework.assetMgr",
			"name": "assetmgr",
			"memberof": "gd3d.framework.canvas",
			"scope": "instance",
			"description": "资源管理类的实例",
			"version": "egret-gd3d 1.0"
		},
		{
			"kind": "member",
			"type": "gd3d.framework.batcher2D",
			"name": "batcher",
			"memberof": "gd3d.framework.canvas",
			"scope": "instance",
			"description": "2d批处理类，用来收集2d节点，完成绘制",
			"version": "egret-gd3d 1.0"
		},
		{
			"kind": "member",
			"type": "boolean",
			"name": "is2dUI",
			"memberof": "gd3d.framework.canvas",
			"scope": "instance",
			"description": "用于区分当前容器是在overlay(2D)还是canvasrenderer(3D)下",
			"version": "egret-gd3d 1.0",
			"default": "true"
		},
		{
			"kind": "member",
			"type": "gd3d.framework.transform",
			"name": "parentTrans",
			"memberof": "gd3d.framework.canvas",
			"scope": "instance",
			"description": "如果是在canvasrenderer下，这里可以获取到canvasrenderer所在的transform节点",
			"version": "egret-gd3d 1.0"
		},
		{
			"kind": "member",
			"type": "number",
			"name": "pixelHeight",
			"memberof": "gd3d.framework.canvas",
			"scope": "instance",
			"description": "画布使用的像素高度",
			"version": "egret-gd3d 1.0",
			"default": "480"
		},
		{
			"kind": "member",
			"type": "number",
			"name": "pixelWidth",
			"memberof": "gd3d.framework.canvas",
			"scope": "instance",
			"description": "画布使用的像素宽度",
			"version": "egret-gd3d 1.0",
			"default": "640"
		},
		{
			"kind": "member",
			"type": "gd3d.framework.scene",
			"name": "scene",
			"memberof": "gd3d.framework.canvas",
			"scope": "instance",
			"description": "当前所在场景",
			"version": "egret-gd3d 1.0"
		},
		{
			"kind": "member",
			"type": "WebGLRenderingContext",
			"name": "webgl",
			"memberof": "gd3d.framework.canvas",
			"scope": "instance",
			"description": "webgl实例",
			"version": "egret-gd3d 1.0"
		}
	],
	"function": [
		{
			"kind": "function",
			"name": "canvas",
			"memberof": "gd3d.framework.canvas",
			"scope": "instance",
			"description": "构造函数",
			"version": "egret-gd3d 1.0"
		},
		{
			"kind": "function",
			"name": "addChild",
			"memberof": "gd3d.framework.canvas",
			"scope": "instance",
			"description": "添加2d节点",
			"version": "egret-gd3d 1.0",
			"params": [
				{
					"name": "node",
					"type": "gd3d.framework.transform2D",
					"description": "要添加的2d节点实例"
				}
			]
		},
		{
			"kind": "function",
			"name": "drawScene",
			"memberof": "gd3d.framework.canvas",
			"scope": "instance",
			"description": "绘制2d节点",
			"version": "egret-gd3d 1.0",
			"params": [
				{
					"name": "node",
					"type": "gd3d.framework.transform2D",
					"description": "要绘制的2d节点"
				},
				{
					"name": "context",
					"type": "gd3d.framework.renderContext",
					"description": "渲染上下文"
				},
				{
					"name": "assetmgr",
					"type": "gd3d.framework.assetMgr",
					"description": "资源管理类的实例"
				}
			]
		},
		{
			"kind": "function",
			"type": "gd3d.framework.transform2D",
			"name": "getChild",
			"memberof": "gd3d.framework.canvas",
			"scope": "instance",
			"description": "获取指定的孩子节点",
			"version": "egret-gd3d 1.0",
			"params": [
				{
					"name": "index",
					"type": "number",
					"description": "位置索引"
				}
			]
		},
		{
			"kind": "function",
			"type": "number",
			"name": "getChildCount",
			"memberof": "gd3d.framework.canvas",
			"scope": "instance",
			"description": "获取孩子节点的数量",
			"version": "egret-gd3d 1.0"
		},
		{
			"kind": "function",
			"type": "gd3d.framework.transform2D[]",
			"name": "getChildren",
			"memberof": "gd3d.framework.canvas",
			"scope": "instance",
			"description": "获取所有孩子节点",
			"version": "egret-gd3d 1.0"
		},
		{
			"kind": "function",
			"type": "gd3d.framework.transform2D",
			"name": "getRoot",
			"memberof": "gd3d.framework.canvas",
			"scope": "instance",
			"description": "获取canvas的根节点",
			"version": "egret-gd3d 1.0"
		},
		{
			"kind": "function",
			"name": "pushRawData",
			"memberof": "gd3d.framework.canvas",
			"scope": "instance",
			"description": "提交原始数据</p>所有的2d渲染组件将数据提交到这里</p>最后由批处理完成绘制",
			"version": "egret-gd3d 1.0",
			"params": [
				{
					"name": "mat",
					"type": "gd3d.framework.material",
					"description": "材质"
				},
				{
					"name": "data",
					"type": "number[]",
					"description": "2d渲染组件的顶点数据"
				}
			]
		},
		{
			"kind": "function",
			"name": "removeChild",
			"memberof": "gd3d.framework.canvas",
			"scope": "instance",
			"description": "移除2d节点",
			"version": "egret-gd3d 1.0",
			"params": [
				{
					"name": "node",
					"type": "gd3d.framework.transform2D",
					"description": "要移除的2d节点实例"
				}
			]
		},
		{
			"kind": "function",
			"name": "render",
			"memberof": "gd3d.framework.canvas",
			"scope": "instance",
			"description": "渲染",
			"version": "egret-gd3d 1.0",
			"params": [
				{
					"name": "context",
					"type": "gd3d.framework.renderContext",
					"description": "渲染上下文"
				},
				{
					"name": "assetmgr",
					"type": "gd3d.framework.assetMgr",
					"description": "资源管理类的实例"
				}
			]
		},
		{
			"kind": "function",
			"name": "update",
			"memberof": "gd3d.framework.canvas",
			"scope": "instance",
			"description": "更新",
			"version": "egret-gd3d 1.0",
			"params": [
				{
					"name": "delta",
					"type": "number",
					"description": "两次update的间隔时间"
				},
				{
					"name": "touch",
					"type": "Boolean",
					"description": "是否接收到事件"
				},
				{
					"name": "XOnScreenSpace",
					"type": "number",
					"description": "屏幕空间下的x偏移"
				},
				{
					"name": "YOnScreenSpace",
					"type": "number",
					"description": "屏幕空间下的y偏移"
				}
			]
		}
	],
	"globalMember": [],
	"globalFunction": [],
	"class": {
		"kind": "class",
		"name": "canvas",
		"memberof": "gd3d.framework",
		"filename": "framework\\2d\\canvas.ts",
		"description": "2d节点的容器类",
		"version": "egret-gd3d 1.0"
	}
}