{
	"member": [
		{
			"kind": "member",
			"type": "gd3d.math.vector3",
			"name": "center",
			"memberof": "gd3d.framework.boxcollider",
			"scope": "instance",
			"description": "碰撞盒中心点",
			"version": "egret-gd3d 1.0"
		},
		{
			"kind": "member",
			"type": "boolean",
			"name": "colliderVisible",
			"memberof": "gd3d.framework.boxcollider",
			"scope": "instance",
			"description": "碰撞盒的可见性",
			"version": "egret-gd3d 1.0"
		},
		{
			"kind": "member",
			"type": "gd3d.framework.gameObject",
			"name": "gameObject",
			"memberof": "gd3d.framework.boxcollider",
			"scope": "instance",
			"description": "挂载的gameobject",
			"version": "egret-gd3d 1.0"
		},
		{
			"kind": "member",
			"type": "gd3d.math.matrix",
			"name": "matrix",
			"memberof": "gd3d.framework.boxcollider",
			"scope": "instance",
			"rwType": 1,
			"description": "获取该碰撞盒物体的世界矩阵",
			"version": "egret-gd3d 1.0"
		},
		{
			"kind": "member",
			"type": "gd3d.math.vector3",
			"name": "size",
			"memberof": "gd3d.framework.boxcollider",
			"scope": "instance",
			"description": "碰撞盒大小",
			"version": "egret-gd3d 1.0"
		},
		{
			"kind": "member",
			"type": "gd3d.framework.transform",
			"name": "subTran",
			"memberof": "gd3d.framework.boxcollider",
			"scope": "instance",
			"description": "子transform",
			"version": "egret-gd3d 1.0"
		}
	],
	"function": [
		{
			"kind": "function",
			"type": "boolean",
			"name": "intersectsTransform",
			"memberof": "gd3d.framework.boxcollider",
			"scope": "instance",
			"description": "检测碰撞",
			"version": "egret-gd3d 1.0",
			"params": [
				{
					"name": "tran",
					"type": "gd3d.framework.transform",
					"description": ""
				}
			]
		},
		{
			"kind": "function",
			"name": "start",
			"memberof": "gd3d.framework.boxcollider",
			"scope": "instance"
		},
		{
			"kind": "function",
			"name": "update",
			"memberof": "gd3d.framework.boxcollider",
			"scope": "instance",
			"params": [
				{
					"name": "delta",
					"type": "number",
					"description": ""
				}
			]
		}
	],
	"globalMember": [],
	"globalFunction": [],
	"class": {
		"kind": "class",
		"name": "boxcollider",
		"memberof": "gd3d.framework",
		"filename": "framework\\component\\boxcollider.ts",
		"description": "表示矩形碰撞盒",
		"version": "egret-gd3d 1.0",
		"implements": [
			{
				"name": "gd3d.framework.INodeComponent"
			},
			{
				"name": "gd3d.framework.ICollider"
			}
		]
	}
}