{
	"member": [
		{
			"kind": "member",
			"type": "gd3d.math.color",
			"name": "color",
			"memberof": "gd3d.framework.label",
			"scope": "instance",
			"default": "new math.color(1, 1, 1, 1)"
		},
		{
			"kind": "member",
			"type": "gd3d.math.color",
			"name": "color2",
			"memberof": "gd3d.framework.label",
			"scope": "instance",
			"default": "new math.color(0, 0, 0.5, 0.5)"
		},
		{
			"kind": "member",
			"type": "number[]",
			"name": "datar",
			"memberof": "gd3d.framework.label",
			"scope": "instance",
			"description": "// selfdatar: number[];",
			"default": "[]"
		},
		{
			"kind": "member",
			"type": "boolean",
			"name": "dirtyData",
			"memberof": "gd3d.framework.label",
			"scope": "instance",
			"default": "true"
		},
		{
			"kind": "member",
			"name": "font",
			"memberof": "gd3d.framework.label",
			"scope": "instance"
		},
		{
			"kind": "member",
			"name": "fontsize",
			"memberof": "gd3d.framework.label",
			"scope": "instance"
		},
		{
			"kind": "member",
			"type": "gd3d.framework.HorizontalType",
			"name": "horizontalType",
			"memberof": "gd3d.framework.label",
			"scope": "instance",
			"default": "HorizontalType.Center"
		},
		{
			"kind": "member",
			"type": "number",
			"name": "linespace",
			"memberof": "gd3d.framework.label",
			"scope": "instance",
			"default": "1"
		},
		{
			"kind": "member",
			"type": "gd3d.framework.material",
			"name": "mat",
			"memberof": "gd3d.framework.label",
			"scope": "instance"
		},
		{
			"kind": "member",
			"type": "string",
			"name": "text",
			"memberof": "gd3d.framework.label",
			"scope": "instance"
		},
		{
			"kind": "member",
			"type": "gd3d.framework.transform2D",
			"name": "transform",
			"memberof": "gd3d.framework.label",
			"scope": "instance"
		},
		{
			"kind": "member",
			"type": "gd3d.framework.VerticalType",
			"name": "verticalType",
			"memberof": "gd3d.framework.label",
			"scope": "instance",
			"default": "VerticalType.Center"
		}
	],
	"function": [
		{
			"kind": "function",
			"name": "onPointEvent",
			"memberof": "gd3d.framework.label",
			"scope": "instance",
			"params": [
				{
					"name": "canvas",
					"type": "gd3d.framework.canvas",
					"description": ""
				},
				{
					"name": "ev",
					"type": "gd3d.framework.PointEvent",
					"description": ""
				},
				{
					"name": "oncap",
					"type": "boolean",
					"description": ""
				}
			]
		},
		{
			"kind": "function",
			"name": "remove",
			"memberof": "gd3d.framework.label",
			"scope": "instance"
		},
		{
			"kind": "function",
			"name": "render",
			"memberof": "gd3d.framework.label",
			"scope": "instance",
			"params": [
				{
					"name": "canvas",
					"type": "gd3d.framework.canvas",
					"description": ""
				}
			]
		},
		{
			"kind": "function",
			"name": "start",
			"memberof": "gd3d.framework.label",
			"scope": "instance",
			"description": "//pos[0,1,2]color[3,4,5,6]uv[7,8]color2[9,10,11,12] length=13"
		},
		{
			"kind": "function",
			"name": "update",
			"memberof": "gd3d.framework.label",
			"scope": "instance",
			"params": [
				{
					"name": "delta",
					"type": "number",
					"description": ""
				}
			]
		},
		{
			"kind": "function",
			"name": "updateData",
			"memberof": "gd3d.framework.label",
			"scope": "instance",
			"description": "//原来代码写的太冗余，堆栈也太深了，改写",
			"params": [
				{
					"name": "_font",
					"type": "gd3d.framework.font",
					"description": ""
				}
			]
		},
		{
			"kind": "function",
			"name": "updateTran",
			"memberof": "gd3d.framework.label",
			"scope": "instance"
		}
	],
	"globalMember": [],
	"globalFunction": [],
	"class": {
		"kind": "class",
		"name": "label",
		"memberof": "gd3d.framework",
		"filename": "framework\\2d\\component\\label.ts",
		"implements": [
			{
				"name": "gd3d.framework.IRectRenderer"
			}
		]
	}
}