{
	"member": [
		{
			"kind": "member",
			"type": "boolean",
			"name": "autoAsp",
			"memberof": "gd3d.framework.overlay2D",
			"scope": "instance",
			"description": "是否自适应",
			"version": "egret-gd3d 1.0",
			"default": "true"
		}
	],
	"function": [
		{
			"kind": "function",
			"name": "overlay2D",
			"memberof": "gd3d.framework.overlay2D",
			"scope": "instance",
			"description": "构造函数",
			"version": "egret-gd3d 1.0"
		},
		{
			"kind": "function",
			"name": "addChild",
			"memberof": "gd3d.framework.overlay2D",
			"scope": "instance",
			"description": "添加2d子节点",
			"version": "egret-gd3d 1.0",
			"params": [
				{
					"name": "node",
					"type": "gd3d.framework.transform2D",
					"description": "2d节点实例"
				}
			]
		},
		{
			"kind": "function",
			"type": "gd3d.framework.transform2D",
			"name": "getChild",
			"memberof": "gd3d.framework.overlay2D",
			"scope": "instance",
			"description": "获取2d子节点",
			"version": "egret-gd3d 1.0",
			"params": [
				{
					"name": "index",
					"type": "number",
					"description": "索引"
				}
			]
		},
		{
			"kind": "function",
			"type": "number",
			"name": "getChildCount",
			"memberof": "gd3d.framework.overlay2D",
			"scope": "instance",
			"description": "获取2d子节点的数量",
			"version": "egret-gd3d 1.0"
		},
		{
			"kind": "function",
			"type": "gd3d.framework.transform2D[]",
			"name": "getChildren",
			"memberof": "gd3d.framework.overlay2D",
			"scope": "instance",
			"description": "获取所有的2d子节点",
			"version": "egret-gd3d 1.0"
		},
		{
			"kind": "function",
			"type": "gd3d.framework.transform2D",
			"name": "pick2d",
			"memberof": "gd3d.framework.overlay2D",
			"scope": "instance",
			"description": "事件检测",
			"version": "egret-gd3d 1.0",
			"params": [
				{
					"name": "mx",
					"type": "number",
					"description": "x偏移"
				},
				{
					"name": "my",
					"type": "number",
					"description": "y偏移"
				}
			]
		},
		{
			"kind": "function",
			"name": "removeChild",
			"memberof": "gd3d.framework.overlay2D",
			"scope": "instance",
			"description": "移除2d子节点",
			"version": "egret-gd3d 1.0",
			"params": [
				{
					"name": "node",
					"type": "gd3d.framework.transform2D",
					"description": "2d节点实例"
				}
			]
		},
		{
			"kind": "function",
			"name": "render",
			"memberof": "gd3d.framework.overlay2D",
			"scope": "instance",
			"description": "渲染",
			"version": "egret-gd3d 1.0",
			"params": [
				{
					"name": "context",
					"type": "gd3d.framework.renderContext",
					"description": "渲染上下文"
				},
				{
					"name": "assetmgr",
					"type": "gd3d.framework.assetMgr",
					"description": "资源管理类实例"
				},
				{
					"name": "camera",
					"type": "gd3d.framework.camera",
					"description": "相机实例"
				}
			]
		},
		{
			"kind": "function",
			"name": "update",
			"memberof": "gd3d.framework.overlay2D",
			"scope": "instance",
			"description": "更新",
			"version": "egret-gd3d 1.0",
			"params": [
				{
					"name": "delta",
					"type": "number",
					"description": "两次update的时间间隔"
				}
			]
		}
	],
	"globalMember": [],
	"globalFunction": [],
	"class": {
		"kind": "class",
		"name": "overlay2D",
		"memberof": "gd3d.framework",
		"filename": "framework\\2d\\overlay2d.ts",
		"description": "2DUI的容器类，与canvasrender(3DUI)相对应。",
		"version": "egret-gd3d 1.0",
		"implements": []
	}
}