{
	"member": [
		{
			"kind": "member",
			"type": "gd3d.math.color",
			"name": "color",
			"memberof": "gd3d.framework.image2D",
			"scope": "instance",
			"description": "颜色",
			"version": "egret-gd3d 1.0",
			"default": "new math.color(1.0, 1.0, 1.0, 1.0)"
		},
		{
			"kind": "member",
			"name": "fillAmmount",
			"memberof": "gd3d.framework.image2D",
			"scope": "instance",
			"description": "填充率",
			"version": "egret-gd3d 1.0"
		},
		{
			"kind": "member",
			"name": "fillMethod",
			"memberof": "gd3d.framework.image2D",
			"scope": "instance",
			"description": "图片填充方式",
			"version": "egret-gd3d 1.0"
		},
		{
			"kind": "member",
			"name": "imageType",
			"memberof": "gd3d.framework.image2D",
			"scope": "instance",
			"description": "图片显示模式",
			"version": "egret-gd3d 1.0"
		},
		{
			"kind": "member",
			"type": "gd3d.framework.material",
			"name": "mat",
			"memberof": "gd3d.framework.image2D",
			"scope": "instance",
			"description": "材质",
			"version": "egret-gd3d 1.0"
		},
		{
			"kind": "member",
			"type": "gd3d.framework.sprite",
			"name": "sprite",
			"memberof": "gd3d.framework.image2D",
			"scope": "instance",
			"description": "精灵",
			"version": "egret-gd3d 1.0"
		},
		{
			"kind": "member",
			"type": "gd3d.framework.transform2D",
			"name": "transform",
			"memberof": "gd3d.framework.image2D",
			"scope": "instance"
		}
	],
	"function": [
		{
			"kind": "function",
			"name": "setTexture",
			"memberof": "gd3d.framework.image2D",
			"scope": "instance",
			"description": "设置图片",
			"version": "egret-gd3d 1.0",
			"params": [
				{
					"name": "texture",
					"type": "gd3d.framework.texture",
					"description": "图片"
				},
				{
					"name": "border",
					"question": true,
					"type": "gd3d.math.border",
					"description": "切片信息"
				},
				{
					"name": "rect",
					"question": true,
					"type": "gd3d.math.rect",
					"description": "显示范围"
				}
			]
		}
	],
	"globalMember": [],
	"globalFunction": [],
	"class": {
		"kind": "class",
		"name": "image2D",
		"memberof": "gd3d.framework",
		"filename": "framework\\2d\\component\\image.ts",
		"description": "2d图片组件",
		"version": "egret-gd3d 1.0",
		"implements": [
			{
				"name": "gd3d.framework.IRectRenderer"
			}
		]
	}
}