{
	"member": [
		{
			"kind": "member",
			"type": "boolean",
			"name": "bdispose",
			"memberof": "gd3d.framework.MeshBatcher",
			"scope": "instance",
			"default": "false"
		},
		{
			"kind": "member",
			"type": "boolean",
			"name": "bufferInit",
			"memberof": "gd3d.framework.MeshBatcher",
			"scope": "instance",
			"default": "false"
		},
		{
			"kind": "member",
			"type": "Uint16Array",
			"name": "dataForEbo",
			"memberof": "gd3d.framework.MeshBatcher",
			"scope": "instance"
		},
		{
			"kind": "member",
			"type": "Float32Array",
			"name": "dataForVbo",
			"memberof": "gd3d.framework.MeshBatcher",
			"scope": "instance"
		},
		{
			"kind": "member",
			"type": "gd3d.framework.mesh",
			"name": "groupMesh",
			"memberof": "gd3d.framework.MeshBatcher",
			"scope": "instance"
		},
		{
			"kind": "member",
			"name": "indexcount",
			"memberof": "gd3d.framework.MeshBatcher",
			"scope": "instance",
			"rwType": 1
		},
		{
			"kind": "member",
			"name": "maxvercount",
			"memberof": "gd3d.framework.MeshBatcher",
			"scope": "instance"
		},
		{
			"kind": "member",
			"type": "Array<gd3d.framework.Particle1>",
			"name": "parlist",
			"memberof": "gd3d.framework.MeshBatcher",
			"scope": "instance"
		},
		{
			"kind": "member",
			"type": "gd3d.framework.particleSystem",
			"name": "particle",
			"memberof": "gd3d.framework.MeshBatcher",
			"scope": "instance"
		},
		{
			"kind": "member",
			"name": "vercount",
			"memberof": "gd3d.framework.MeshBatcher",
			"scope": "instance",
			"rwType": 1
		}
	],
	"function": [
		{
			"kind": "function",
			"name": "MeshBatcher",
			"memberof": "gd3d.framework.MeshBatcher",
			"scope": "instance",
			"params": [
				{
					"name": "mat",
					"type": "gd3d.framework.material",
					"description": ""
				},
				{
					"name": "maxvercout",
					"type": "number",
					"default": "128",
					"description": ""
				},
				{
					"name": "particle",
					"type": "gd3d.framework.particleSystem",
					"description": ""
				}
			]
		},
		{
			"kind": "function",
			"name": "AddP",
			"memberof": "gd3d.framework.MeshBatcher",
			"scope": "instance",
			"params": [
				{
					"name": "particle",
					"type": "gd3d.framework.Particle1",
					"description": ""
				}
			]
		},
		{
			"kind": "function",
			"type": "gd3d.framework.Particle1",
			"name": "addParticle",
			"memberof": "gd3d.framework.MeshBatcher",
			"scope": "instance",
			"params": [
				{
					"name": "particleMesh",
					"type": "gd3d.framework.mesh",
					"description": ""
				},
				{
					"name": "particleData",
					"type": "gd3d.framework.CParticleData",
					"description": ""
				}
			]
		},
		{
			"kind": "function",
			"name": "dispose",
			"memberof": "gd3d.framework.MeshBatcher",
			"scope": "instance"
		},
		{
			"kind": "function",
			"name": "render",
			"memberof": "gd3d.framework.MeshBatcher",
			"scope": "instance",
			"params": [
				{
					"name": "context",
					"type": "gd3d.framework.renderContext",
					"description": ""
				},
				{
					"name": "assetmgr",
					"type": "gd3d.framework.assetMgr",
					"description": ""
				}
			]
		},
		{
			"kind": "function",
			"name": "update",
			"memberof": "gd3d.framework.MeshBatcher",
			"scope": "instance",
			"params": [
				{
					"name": "delta",
					"type": "number",
					"description": ""
				}
			]
		}
	],
	"globalMember": [],
	"globalFunction": [],
	"class": {
		"kind": "class",
		"name": "MeshBatcher",
		"memberof": "gd3d.framework",
		"filename": "framework\\component\\particle\\particletool\\meshbatcher.ts"
	}
}