{
	"member": [
		{
			"kind": "member",
			"type": "gd3d.framework.taskstate",
			"name": "laststate",
			"memberof": "gd3d.framework.taskMgr",
			"scope": "instance",
			"description": "//lasttask: (laststate: taskstate, state: taskstate) => void;",
			"default": "null"
		},
		{
			"kind": "member",
			"type": "gd3d.framework.taskstate[]",
			"name": "tasks",
			"memberof": "gd3d.framework.taskMgr",
			"scope": "instance",
			"default": "[]"
		}
	],
	"function": [
		{
			"kind": "function",
			"name": "addTask",
			"memberof": "gd3d.framework.taskMgr",
			"scope": "instance",
			"params": [
				{
					"name": "task",
					"type": "gd3d.framework.ITask",
					"description": ""
				}
			]
		},
		{
			"kind": "function",
			"name": "addTaskCall",
			"memberof": "gd3d.framework.taskMgr",
			"scope": "instance",
			"params": [
				{
					"name": "task",
					"type": "(laststate:gd3d.framework.taskstate,state:gd3d.framework.taskstate)=>void",
					"description": ""
				}
			]
		},
		{
			"kind": "function",
			"name": "cancel",
			"memberof": "gd3d.framework.taskMgr",
			"scope": "instance"
		},
		{
			"kind": "function",
			"name": "move",
			"memberof": "gd3d.framework.taskMgr",
			"scope": "instance",
			"params": [
				{
					"name": "delta",
					"type": "number",
					"description": ""
				}
			]
		}
	],
	"globalMember": [],
	"globalFunction": [],
	"class": {
		"kind": "class",
		"name": "taskMgr",
		"memberof": "gd3d.framework",
		"filename": "framework\\task\\taskmgr.ts"
	}
}