{
	"member": [
		{
			"kind": "member",
			"type": "number",
			"name": "Aniclip",
			"memberof": "gd3d.framework.AssetTypeEnum",
			"scope": "static",
			"default": "11"
		},
		{
			"kind": "member",
			"type": "number",
			"name": "Atlas",
			"memberof": "gd3d.framework.AssetTypeEnum",
			"scope": "static",
			"default": "13"
		},
		{
			"kind": "member",
			"type": "number",
			"name": "Auto",
			"memberof": "gd3d.framework.AssetTypeEnum",
			"scope": "static",
			"default": "1"
		},
		{
			"kind": "member",
			"type": "number",
			"name": "Bundle",
			"memberof": "gd3d.framework.AssetTypeEnum",
			"scope": "static",
			"default": "2"
		},
		{
			"kind": "member",
			"type": "number",
			"name": "Font",
			"memberof": "gd3d.framework.AssetTypeEnum",
			"scope": "static",
			"default": "14"
		},
		{
			"kind": "member",
			"type": "number",
			"name": "GLFragmentShader",
			"memberof": "gd3d.framework.AssetTypeEnum",
			"scope": "static",
			"default": "4"
		},
		{
			"kind": "member",
			"type": "number",
			"name": "GLVertexShader",
			"memberof": "gd3d.framework.AssetTypeEnum",
			"scope": "static",
			"default": "3"
		},
		{
			"kind": "member",
			"type": "number",
			"name": "Material",
			"memberof": "gd3d.framework.AssetTypeEnum",
			"scope": "static",
			"default": "10"
		},
		{
			"kind": "member",
			"type": "number",
			"name": "Mesh",
			"memberof": "gd3d.framework.AssetTypeEnum",
			"scope": "static",
			"default": "8"
		},
		{
			"kind": "member",
			"type": "number",
			"name": "Prefab",
			"memberof": "gd3d.framework.AssetTypeEnum",
			"scope": "static",
			"default": "9"
		},
		{
			"kind": "member",
			"type": "number",
			"name": "Scene",
			"memberof": "gd3d.framework.AssetTypeEnum",
			"scope": "static",
			"default": "12"
		},
		{
			"kind": "member",
			"type": "number",
			"name": "Shader",
			"memberof": "gd3d.framework.AssetTypeEnum",
			"scope": "static",
			"default": "5"
		},
		{
			"kind": "member",
			"type": "number",
			"name": "Texture",
			"memberof": "gd3d.framework.AssetTypeEnum",
			"scope": "static",
			"default": "6"
		},
		{
			"kind": "member",
			"type": "number",
			"name": "TextureDesc",
			"memberof": "gd3d.framework.AssetTypeEnum",
			"scope": "static",
			"default": "7"
		},
		{
			"kind": "member",
			"type": "number",
			"name": "Unknown",
			"memberof": "gd3d.framework.AssetTypeEnum",
			"scope": "static",
			"default": "0"
		}
	],
	"function": [],
	"globalMember": [],
	"globalFunction": [],
	"class": {
		"kind": "enum",
		"name": "AssetTypeEnum",
		"memberof": "gd3d.framework",
		"filename": "framework\\asset\\assetmgr.ts",
		"description": "资源类型",
		"version": "gd3d 1.0"
	}
}