{
	"member": [
		{
			"kind": "member",
			"type": "gd3d.math.color",
			"name": "backColor",
			"memberof": "gd3d.render.glWindow",
			"scope": "instance",
			"default": "new gd3d.math.color(1, 0, 1, 1)"
		},
		{
			"kind": "member",
			"type": "boolean",
			"name": "clearop_Color",
			"memberof": "gd3d.render.glWindow",
			"scope": "instance",
			"default": "false"
		},
		{
			"kind": "member",
			"type": "boolean",
			"name": "clearop_Depth",
			"memberof": "gd3d.render.glWindow",
			"scope": "instance",
			"default": "false"
		},
		{
			"kind": "member",
			"type": "boolean",
			"name": "clearop_Stencil",
			"memberof": "gd3d.render.glWindow",
			"scope": "instance",
			"default": "false"
		},
		{
			"kind": "member",
			"type": "gd3d.render.glRenderTarget",
			"name": "renderTarget",
			"memberof": "gd3d.render.glWindow",
			"scope": "instance"
		},
		{
			"kind": "member",
			"type": "gd3d.math.rect",
			"name": "viewport",
			"memberof": "gd3d.render.glWindow",
			"scope": "instance",
			"default": "new gd3d.math.rect(0, 0, 1, 1)"
		}
	],
	"function": [
		{
			"kind": "function",
			"name": "use",
			"memberof": "gd3d.render.glWindow",
			"scope": "instance",
			"params": [
				{
					"name": "webgl",
					"type": "WebGLRenderingContext",
					"description": ""
				}
			]
		}
	],
	"globalMember": [],
	"globalFunction": [],
	"class": {
		"kind": "class",
		"name": "glWindow",
		"memberof": "gd3d.render",
		"filename": "render\\renderer\\window.ts"
	}
}