{
	"member": [
		{
			"kind": "member",
			"type": "gd3d.framework.ParticleNode",
			"name": "acceleration",
			"memberof": "gd3d.framework.CParticleData",
			"scope": "instance",
			"description": "受外力影响的加速度",
			"default": "new ParticleNode()"
		},
		{
			"kind": "member",
			"type": "gd3d.framework.ValueData",
			"name": "alpha",
			"memberof": "gd3d.framework.CParticleData",
			"scope": "instance",
			"description": "粒子透明度",
			"default": "new ValueData()"
		},
		{
			"kind": "member",
			"type": "Array<gd3d.framework.AlphaNode>",
			"name": "alphaNode",
			"memberof": "gd3d.framework.CParticleData",
			"scope": "instance",
			"description": "粒子透明度节点",
			"default": "new Array<AlphaNode>()"
		},
		{
			"kind": "member",
			"type": "gd3d.framework.ParticleNode",
			"name": "angularVelocity",
			"memberof": "gd3d.framework.CParticleData",
			"scope": "instance",
			"description": "粒子角速度",
			"default": "new ParticleNode()"
		},
		{
			"kind": "member",
			"type": "gd3d.framework.ParticleNode",
			"name": "color",
			"memberof": "gd3d.framework.CParticleData",
			"scope": "instance",
			"description": "粒子颜色",
			"default": "new ParticleNode()"
		},
		{
			"kind": "member",
			"type": "Array<gd3d.framework.ParticleNode>",
			"name": "colorNode",
			"memberof": "gd3d.framework.CParticleData",
			"scope": "instance",
			"description": "粒子颜色节点",
			"default": "new Array<ParticleNode>()"
		},
		{
			"kind": "member",
			"type": "gd3d.framework.ValueData",
			"name": "delayTime",
			"memberof": "gd3d.framework.CParticleData",
			"scope": "instance",
			"default": "new ValueData()"
		},
		{
			"kind": "member",
			"type": "gd3d.framework.ValueData",
			"name": "gravity",
			"memberof": "gd3d.framework.CParticleData",
			"scope": "instance",
			"description": "重力",
			"default": "new ValueData()"
		},
		{
			"kind": "member",
			"type": "gd3d.framework.ValueData",
			"name": "gravitySpeed",
			"memberof": "gd3d.framework.CParticleData",
			"scope": "instance",
			"description": "在垂直方向上的速度，方向向下为正值",
			"default": "new ValueData()"
		},
		{
			"kind": "member",
			"type": "boolean",
			"name": "isLookAtCamera",
			"memberof": "gd3d.framework.CParticleData",
			"scope": "instance",
			"description": "是否朝向摄像机",
			"default": "false"
		},
		{
			"kind": "member",
			"type": "boolean",
			"name": "isLoop",
			"memberof": "gd3d.framework.CParticleData",
			"scope": "instance",
			"description": "粒子是否循环发射",
			"default": "false"
		},
		{
			"kind": "member",
			"type": "boolean",
			"name": "isRotation",
			"memberof": "gd3d.framework.CParticleData",
			"scope": "instance",
			"default": "false"
		},
		{
			"kind": "member",
			"type": "gd3d.framework.ValueData",
			"name": "life",
			"memberof": "gd3d.framework.CParticleData",
			"scope": "instance",
			"description": "粒子周期",
			"default": "new ValueData()"
		},
		{
			"kind": "member",
			"type": "string",
			"name": "meshName",
			"memberof": "gd3d.framework.CParticleData",
			"scope": "instance",
			"description": "粒子网格名字"
		},
		{
			"kind": "member",
			"type": "string",
			"name": "name",
			"memberof": "gd3d.framework.CParticleData",
			"scope": "instance",
			"description": "粒子名称"
		},
		{
			"kind": "member",
			"type": "gd3d.framework.ParticleStartData",
			"name": "particleStartData",
			"memberof": "gd3d.framework.CParticleData",
			"scope": "instance",
			"description": "粒子起始位置",
			"default": "new gd3d.framework.ParticleStartData()"
		},
		{
			"kind": "member",
			"type": "Array<gd3d.framework.ParticleNode>",
			"name": "positionNode",
			"memberof": "gd3d.framework.CParticleData",
			"scope": "instance",
			"description": "粒子位置节点",
			"default": "new Array<ParticleNode>()"
		},
		{
			"kind": "member",
			"type": "gd3d.framework.RenderModel",
			"name": "renderModel",
			"memberof": "gd3d.framework.CParticleData",
			"scope": "instance",
			"default": "gd3d.framework.RenderModel.BillBoard"
		},
		{
			"kind": "member",
			"type": "gd3d.framework.ParticleNode",
			"name": "scale",
			"memberof": "gd3d.framework.CParticleData",
			"scope": "instance",
			"description": "粒子大小扩大或缩小范围",
			"default": "new ParticleNode()"
		},
		{
			"kind": "member",
			"type": "Array<gd3d.framework.ParticleNode>",
			"name": "scaleNode",
			"memberof": "gd3d.framework.CParticleData",
			"scope": "instance",
			"description": "粒子大小扩大或缩小节点",
			"default": "new Array<ParticleNode>()"
		},
		{
			"kind": "member",
			"type": "gd3d.framework.ValueData",
			"name": "speed",
			"memberof": "gd3d.framework.CParticleData",
			"scope": "instance",
			"description": "粒子速度",
			"default": "new ValueData()"
		},
		{
			"kind": "member",
			"type": "gd3d.framework.StartPosData",
			"name": "startPos",
			"memberof": "gd3d.framework.CParticleData",
			"scope": "instance",
			"description": "粒子起始位置",
			"default": "new gd3d.framework.StartPosData()"
		},
		{
			"kind": "member",
			"type": "gd3d.framework.ParticleNode",
			"name": "startRotation",
			"memberof": "gd3d.framework.CParticleData",
			"scope": "instance",
			"description": "粒子起始旋转值",
			"default": "new ParticleNode()"
		},
		{
			"kind": "member",
			"type": "string",
			"name": "type",
			"memberof": "gd3d.framework.CParticleData",
			"scope": "instance",
			"description": "形状类型  可以为.mesh文件名"
		},
		{
			"kind": "member",
			"type": "gd3d.framework.ParticleNode",
			"name": "velocity",
			"memberof": "gd3d.framework.CParticleData",
			"scope": "instance",
			"description": "受外力影响的速度",
			"default": "new ParticleNode()"
		}
	],
	"function": [
		{
			"kind": "function",
			"name": "CParticleData",
			"memberof": "gd3d.framework.CParticleData",
			"scope": "instance"
		}
	],
	"globalMember": [],
	"globalFunction": [],
	"class": {
		"kind": "class",
		"name": "CParticleData",
		"memberof": "gd3d.framework",
		"filename": "framework\\component\\particle\\data\\particlesystemdata.ts",
		"description": "粒子数据"
	}
}