{
	"member": [],
	"function": [
		{
			"kind": "function",
			"name": "begin",
			"memberof": "gd3d.framework.batcher2D",
			"scope": "instance",
			"description": "private",
			"params": [
				{
					"name": "webgl",
					"type": "WebGLRenderingContext",
					"description": ""
				},
				{
					"name": "pass",
					"type": "gd3d.render.glDrawPass",
					"description": ""
				}
			]
		},
		{
			"kind": "function",
			"name": "end",
			"memberof": "gd3d.framework.batcher2D",
			"scope": "instance",
			"description": "private",
			"params": [
				{
					"name": "webgl",
					"type": "WebGLRenderingContext",
					"description": ""
				}
			]
		},
		{
			"kind": "function",
			"name": "initBuffer",
			"memberof": "gd3d.framework.batcher2D",
			"scope": "instance",
			"description": "private",
			"params": [
				{
					"name": "webgl",
					"type": "WebGLRenderingContext",
					"description": ""
				},
				{
					"name": "vf",
					"type": "gd3d.render.VertexFormatMask",
					"description": ""
				},
				{
					"name": "drawMode",
					"type": "gd3d.render.DrawModeEnum",
					"description": ""
				}
			]
		},
		{
			"kind": "function",
			"name": "push",
			"memberof": "gd3d.framework.batcher2D",
			"scope": "instance",
			"description": "private",
			"params": [
				{
					"name": "webgl",
					"type": "WebGLRenderingContext",
					"description": ""
				},
				{
					"name": "vbodata",
					"type": "number[]",
					"description": ""
				},
				{
					"name": "ebodata",
					"type": "number[]",
					"description": ""
				}
			]
		}
	],
	"globalMember": [],
	"globalFunction": [],
	"class": {
		"kind": "class",
		"name": "batcher2D",
		"memberof": "gd3d.framework",
		"filename": "framework\\2d\\canvasrenderer.ts",
		"description": "2d批处理类",
		"version": "egret-gd3d 1.0"
	}
}