{
	"member": [
		{
			"kind": "member",
			"type": "gd3d.framework.camera",
			"name": "camera",
			"memberof": "gd3d.framework.gameObject",
			"scope": "instance",
			"description": "相机组件 可为空",
			"version": "egret-gd3d 1.0"
		},
		{
			"kind": "member",
			"type": "gd3d.framework.ICollider",
			"name": "collider",
			"memberof": "gd3d.framework.gameObject",
			"scope": "instance",
			"description": "碰撞盒组件 可为空",
			"version": "egret-gd3d 1.0"
		},
		{
			"kind": "member",
			"type": "gd3d.framework.nodeComponent[]",
			"name": "components",
			"memberof": "gd3d.framework.gameObject",
			"scope": "instance",
			"description": "组件列表",
			"version": "egret-gd3d 1.0",
			"default": "[]"
		},
		{
			"kind": "member",
			"type": "number",
			"name": "layer",
			"memberof": "gd3d.framework.gameObject",
			"scope": "instance",
			"default": "0"
		},
		{
			"kind": "member",
			"type": "gd3d.framework.light",
			"name": "light",
			"memberof": "gd3d.framework.gameObject",
			"scope": "instance",
			"description": "灯光组件 可为空",
			"version": "egret-gd3d 1.0"
		},
		{
			"kind": "member",
			"type": "gd3d.framework.IRenderer",
			"name": "renderer",
			"memberof": "gd3d.framework.gameObject",
			"scope": "instance",
			"description": "渲染组件 可为空",
			"version": "egret-gd3d 1.0"
		},
		{
			"kind": "member",
			"type": "gd3d.framework.transform",
			"name": "transform",
			"memberof": "gd3d.framework.gameObject",
			"scope": "instance",
			"description": "gameObject必须依赖transform存在",
			"version": "egret-gd3d 1.0"
		},
		{
			"kind": "member",
			"type": "boolean",
			"name": "visible",
			"memberof": "gd3d.framework.gameObject",
			"scope": "instance",
			"description": "获取自身的可见状态",
			"version": "egret-gd3d 1.0"
		},
		{
			"kind": "member",
			"name": "visibleInScene",
			"memberof": "gd3d.framework.gameObject",
			"scope": "instance",
			"rwType": 1,
			"description": "获取在场景中的可见状态",
			"version": "egret-gd3d 1.0"
		}
	],
	"function": [
		{
			"kind": "function",
			"type": "gd3d.framework.INodeComponent",
			"name": "addComponent",
			"memberof": "gd3d.framework.gameObject",
			"scope": "instance",
			"description": "根据组件类型添加一个组件",
			"version": "egret-gd3d 1.0",
			"params": [
				{
					"name": "type",
					"type": "string",
					"description": "组件类型"
				}
			]
		},
		{
			"kind": "function",
			"type": "gd3d.framework.INodeComponent",
			"name": "addComponentDirect",
			"memberof": "gd3d.framework.gameObject",
			"scope": "instance",
			"description": "添加组件实例",
			"version": "egret-gd3d 1.0",
			"params": [
				{
					"name": "comp",
					"type": "gd3d.framework.INodeComponent",
					"description": "组件实例"
				}
			]
		},
		{
			"kind": "function",
			"name": "dispose",
			"memberof": "gd3d.framework.gameObject",
			"scope": "instance",
			"description": "释放gameObject",
			"version": "egret-gd3d 1.0"
		},
		{
			"kind": "function",
			"type": "gd3d.framework.INodeComponent",
			"name": "getComponent",
			"memberof": "gd3d.framework.gameObject",
			"scope": "instance",
			"description": "根据类型获取组件 只是自己身上找到的第一个",
			"version": "egret-gd3d 1.0",
			"params": [
				{
					"name": "type",
					"type": "string",
					"description": "组件类型"
				}
			]
		},
		{
			"kind": "function",
			"type": "gd3d.framework.INodeComponent",
			"name": "getComponentInParent",
			"memberof": "gd3d.framework.gameObject",
			"scope": "instance",
			"description": "根据组件类型获取自己这条分支上父物体中该类型的组件 一直上溯到根节点",
			"version": "egret-gd3d 1.0",
			"params": [
				{
					"name": "type",
					"type": "string",
					"description": "组件类型"
				}
			]
		},
		{
			"kind": "function",
			"type": "gd3d.framework.INodeComponent[]",
			"name": "getComponents",
			"memberof": "gd3d.framework.gameObject",
			"scope": "instance",
			"description": "获取身上所有的组件",
			"version": "egret-gd3d 1.0"
		},
		{
			"kind": "function",
			"type": "gd3d.framework.INodeComponent[]",
			"name": "getComponentsInChildren",
			"memberof": "gd3d.framework.gameObject",
			"scope": "instance",
			"description": "获取自己和所有子物体中 所有该类型的组件",
			"version": "egret-gd3d 1.0",
			"params": [
				{
					"name": "type",
					"type": "string",
					"description": "组件类型"
				}
			]
		},
		{
			"kind": "function",
			"type": "string",
			"name": "getName",
			"memberof": "gd3d.framework.gameObject",
			"scope": "instance",
			"description": "获取对应transform的name",
			"version": "egret-gd3d 1.0"
		},
		{
			"kind": "function",
			"type": "gd3d.framework.scene",
			"name": "getScene",
			"memberof": "gd3d.framework.gameObject",
			"scope": "instance",
			"description": "获取物体所在场景实例",
			"version": "egret-gd3d 1.0"
		},
		{
			"kind": "function",
			"name": "init",
			"memberof": "gd3d.framework.gameObject",
			"scope": "instance",
			"description": "初始化 主要是组件的初始化",
			"version": "egret-gd3d 1.0"
		},
		{
			"kind": "function",
			"name": "removeAllComponents",
			"memberof": "gd3d.framework.gameObject",
			"scope": "instance",
			"description": "移出所有组件",
			"version": "egret-gd3d 1.0"
		},
		{
			"kind": "function",
			"name": "removeComponent",
			"memberof": "gd3d.framework.gameObject",
			"scope": "instance",
			"description": "根据组件实例移出组件",
			"version": "egret-gd3d 1.0",
			"params": [
				{
					"name": "comp",
					"type": "gd3d.framework.INodeComponent",
					"description": "组件实例"
				}
			]
		},
		{
			"kind": "function",
			"name": "removeComponentByTypeName",
			"memberof": "gd3d.framework.gameObject",
			"scope": "instance",
			"description": "根据组件类型移出组件",
			"version": "egret-gd3d 1.0",
			"params": [
				{
					"name": "type",
					"type": "string",
					"description": "组件类型"
				}
			]
		},
		{
			"kind": "function",
			"name": "update",
			"memberof": "gd3d.framework.gameObject",
			"scope": "instance",
			"description": "主update",
			"version": "egret-gd3d 1.0",
			"params": [
				{
					"name": "delta",
					"type": "number",
					"description": "delta"
				}
			]
		}
	],
	"globalMember": [],
	"globalFunction": [],
	"class": {
		"kind": "class",
		"name": "gameObject",
		"memberof": "gd3d.framework",
		"filename": "framework\\scene\\gameobject.ts",
		"description": "gameObject类 对应unity中gameObject概念",
		"version": "egret-gd3d 1.0"
	}
}