{
	"member": [
		{
			"kind": "member",
			"type": "gd3d.render.glProgram",
			"name": "program",
			"memberof": "gd3d.render.glDrawPass",
			"scope": "instance"
		},
		{
			"kind": "member",
			"type": "boolean",
			"name": "state_blend",
			"memberof": "gd3d.render.glDrawPass",
			"scope": "instance",
			"default": "false"
		},
		{
			"kind": "member",
			"type": "number",
			"name": "state_blendDestALpha",
			"memberof": "gd3d.render.glDrawPass",
			"scope": "instance",
			"default": "0"
		},
		{
			"kind": "member",
			"type": "number",
			"name": "state_blendDestRGB",
			"memberof": "gd3d.render.glDrawPass",
			"scope": "instance",
			"default": "0"
		},
		{
			"kind": "member",
			"type": "number",
			"name": "state_blendEquation",
			"memberof": "gd3d.render.glDrawPass",
			"scope": "instance",
			"default": "0"
		},
		{
			"kind": "member",
			"type": "number",
			"name": "state_blendSrcAlpha",
			"memberof": "gd3d.render.glDrawPass",
			"scope": "instance",
			"default": "0"
		},
		{
			"kind": "member",
			"type": "number",
			"name": "state_blendSrcRGB",
			"memberof": "gd3d.render.glDrawPass",
			"scope": "instance",
			"default": "0"
		},
		{
			"kind": "member",
			"type": "gd3d.render.ShowFaceStateEnum",
			"name": "state_showface",
			"memberof": "gd3d.render.glDrawPass",
			"scope": "instance",
			"default": "ShowFaceStateEnum.CCW"
		},
		{
			"kind": "member",
			"type": "boolean",
			"name": "state_ztest",
			"memberof": "gd3d.render.glDrawPass",
			"scope": "instance",
			"default": "false"
		},
		{
			"kind": "member",
			"type": "number",
			"name": "state_ztest_method",
			"memberof": "gd3d.render.glDrawPass",
			"scope": "instance",
			"default": "webglkit.LEQUAL"
		},
		{
			"kind": "member",
			"type": "boolean",
			"name": "state_zwrite",
			"memberof": "gd3d.render.glDrawPass",
			"scope": "instance",
			"default": "false"
		},
		{
			"kind": "member",
			"type": "number[]",
			"name": "textureID",
			"memberof": "gd3d.render.glDrawPass",
			"scope": "static",
			"default": "null"
		},
		{
			"kind": "member",
			"type": "boolean",
			"name": "uniformallchange",
			"memberof": "gd3d.render.glDrawPass",
			"scope": "instance",
			"default": "false"
		},
		{
			"kind": "member",
			"type": "{[id:string]:{change:boolean, location}}",
			"name": "uniforms",
			"memberof": "gd3d.render.glDrawPass",
			"scope": "instance",
			"default": "{}"
		}
	],
	"function": [
		{
			"kind": "function",
			"name": "applyUniformSaved",
			"memberof": "gd3d.render.glDrawPass",
			"scope": "instance",
			"params": [
				{
					"name": "webgl",
					"type": "WebGLRenderingContext",
					"description": ""
				}
			]
		},
		{
			"kind": "function",
			"name": "applyUniform_Float",
			"memberof": "gd3d.render.glDrawPass",
			"scope": "instance",
			"params": [
				{
					"name": "webgl",
					"type": "WebGLRenderingContext",
					"description": ""
				},
				{
					"name": "key",
					"type": "string",
					"description": ""
				},
				{
					"name": "value",
					"type": "number",
					"description": ""
				}
			]
		},
		{
			"kind": "function",
			"name": "applyUniform_Float4",
			"memberof": "gd3d.render.glDrawPass",
			"scope": "instance",
			"params": [
				{
					"name": "webgl",
					"type": "WebGLRenderingContext",
					"description": ""
				},
				{
					"name": "key",
					"type": "string",
					"description": ""
				},
				{
					"name": "value",
					"type": "gd3d.math.vector4",
					"description": ""
				}
			]
		},
		{
			"kind": "function",
			"name": "applyUniform_Float4v",
			"memberof": "gd3d.render.glDrawPass",
			"scope": "instance",
			"params": [
				{
					"name": "webgl",
					"type": "WebGLRenderingContext",
					"description": ""
				},
				{
					"name": "key",
					"type": "string",
					"description": ""
				},
				{
					"name": "values",
					"type": "Float32Array",
					"description": ""
				}
			]
		},
		{
			"kind": "function",
			"name": "applyUniform_Float4x4",
			"memberof": "gd3d.render.glDrawPass",
			"scope": "instance",
			"params": [
				{
					"name": "webgl",
					"type": "WebGLRenderingContext",
					"description": ""
				},
				{
					"name": "key",
					"type": "string",
					"description": ""
				},
				{
					"name": "value",
					"type": "gd3d.math.matrix",
					"description": ""
				}
			]
		},
		{
			"kind": "function",
			"name": "applyUniform_Float4x4v",
			"memberof": "gd3d.render.glDrawPass",
			"scope": "instance",
			"params": [
				{
					"name": "webgl",
					"type": "WebGLRenderingContext",
					"description": ""
				},
				{
					"name": "key",
					"type": "string",
					"description": ""
				},
				{
					"name": "values",
					"type": "Float32Array",
					"description": ""
				}
			]
		},
		{
			"kind": "function",
			"name": "applyUniform_FloatTexture",
			"memberof": "gd3d.render.glDrawPass",
			"scope": "instance",
			"params": [
				{
					"name": "webgl",
					"type": "WebGLRenderingContext",
					"description": ""
				},
				{
					"name": "texindex",
					"type": "number",
					"description": ""
				},
				{
					"name": "key",
					"type": "string",
					"description": ""
				},
				{
					"name": "value",
					"type": "gd3d.render.ITexture",
					"description": ""
				}
			]
		},
		{
			"kind": "function",
			"name": "applyUniform_Floatv",
			"memberof": "gd3d.render.glDrawPass",
			"scope": "instance",
			"params": [
				{
					"name": "webgl",
					"type": "WebGLRenderingContext",
					"description": ""
				},
				{
					"name": "key",
					"type": "string",
					"description": ""
				},
				{
					"name": "value",
					"type": "Float32Array",
					"description": ""
				}
			]
		},
		{
			"kind": "function",
			"name": "draw",
			"memberof": "gd3d.render.glDrawPass",
			"scope": "instance",
			"params": [
				{
					"name": "webgl",
					"type": "WebGLRenderingContext",
					"description": ""
				},
				{
					"name": "mesh",
					"type": "gd3d.render.glMesh",
					"description": ""
				},
				{
					"name": "drawmode",
					"type": "gd3d.render.DrawModeEnum",
					"default": "DrawModeEnum.EboTri",
					"description": ""
				},
				{
					"name": "drawindexindex",
					"type": "number",
					"default": "0",
					"description": ""
				},
				{
					"name": "drawbegin",
					"type": "number",
					"default": "0",
					"description": ""
				},
				{
					"name": "drawcount",
					"type": "number",
					"default": "-1",
					"description": ""
				}
			]
		},
		{
			"kind": "function",
			"name": "setAlphaBlend",
			"memberof": "gd3d.render.glDrawPass",
			"scope": "instance",
			"params": [
				{
					"name": "mode",
					"type": "gd3d.render.BlendModeEnum",
					"description": ""
				}
			]
		},
		{
			"kind": "function",
			"name": "setProgram",
			"memberof": "gd3d.render.glDrawPass",
			"scope": "instance",
			"params": [
				{
					"name": "program",
					"type": "gd3d.render.glProgram",
					"description": ""
				},
				{
					"name": "uniformDefault",
					"type": "boolean",
					"default": "false",
					"description": ""
				}
			]
		},
		{
			"kind": "function",
			"name": "uniformFloat",
			"memberof": "gd3d.render.glDrawPass",
			"scope": "instance",
			"description": "//设置uniform save起来",
			"params": [
				{
					"name": "name",
					"type": "string",
					"description": ""
				},
				{
					"name": "number",
					"type": "number",
					"description": ""
				}
			]
		},
		{
			"kind": "function",
			"name": "uniformFloatv",
			"memberof": "gd3d.render.glDrawPass",
			"scope": "instance",
			"params": [
				{
					"name": "name",
					"type": "string",
					"description": ""
				},
				{
					"name": "numbers",
					"type": "Float32Array",
					"description": ""
				}
			]
		},
		{
			"kind": "function",
			"name": "uniformMatrix",
			"memberof": "gd3d.render.glDrawPass",
			"scope": "instance",
			"params": [
				{
					"name": "name",
					"type": "string",
					"description": ""
				},
				{
					"name": "mat",
					"type": "gd3d.math.matrix",
					"description": ""
				}
			]
		},
		{
			"kind": "function",
			"name": "uniformMatrixV",
			"memberof": "gd3d.render.glDrawPass",
			"scope": "instance",
			"params": [
				{
					"name": "name",
					"type": "string",
					"description": ""
				},
				{
					"name": "matdata",
					"type": "Float32Array",
					"description": ""
				}
			]
		},
		{
			"kind": "function",
			"name": "uniformTexture",
			"memberof": "gd3d.render.glDrawPass",
			"scope": "instance",
			"params": [
				{
					"name": "name",
					"type": "string",
					"description": ""
				},
				{
					"name": "tex",
					"type": "gd3d.render.ITexture",
					"description": ""
				}
			]
		},
		{
			"kind": "function",
			"name": "uniformVec4",
			"memberof": "gd3d.render.glDrawPass",
			"scope": "instance",
			"params": [
				{
					"name": "name",
					"type": "string",
					"description": ""
				},
				{
					"name": "vec",
					"type": "gd3d.math.vector4",
					"description": ""
				}
			]
		},
		{
			"kind": "function",
			"name": "uniformVec4v",
			"memberof": "gd3d.render.glDrawPass",
			"scope": "instance",
			"params": [
				{
					"name": "name",
					"type": "string",
					"description": ""
				},
				{
					"name": "vecdata",
					"type": "Float32Array",
					"description": ""
				}
			]
		},
		{
			"kind": "function",
			"name": "use",
			"memberof": "gd3d.render.glDrawPass",
			"scope": "instance",
			"description": "//使用材质",
			"params": [
				{
					"name": "webgl",
					"type": "WebGLRenderingContext",
					"description": ""
				},
				{
					"name": "applyUniForm",
					"type": "boolean",
					"default": "true",
					"description": ""
				}
			]
		}
	],
	"globalMember": [],
	"globalFunction": [],
	"class": {
		"kind": "class",
		"name": "glDrawPass",
		"memberof": "gd3d.render",
		"filename": "render\\renderer\\drawpass.ts"
	}
}