{
	"member": [
		{
			"kind": "member",
			"type": "boolean",
			"name": "defaultAsset",
			"memberof": "gd3d.framework.pathasset",
			"scope": "instance",
			"description": "是否为默认资源",
			"version": "egret-gd3d 1.0",
			"default": "false"
		},
		{
			"kind": "member",
			"type": "gd3d.math.vector3[]",
			"name": "paths",
			"memberof": "gd3d.framework.pathasset",
			"scope": "instance",
			"description": "路径节点数据",
			"version": "egret-gd3d 1.0",
			"default": "[]"
		}
	],
	"function": [
		{
			"kind": "function",
			"name": "pathasset",
			"memberof": "gd3d.framework.pathasset",
			"scope": "instance",
			"params": [
				{
					"name": "assetName",
					"type": "string",
					"default": "null",
					"description": ""
				}
			]
		},
		{
			"kind": "function",
			"name": "Parse",
			"memberof": "gd3d.framework.pathasset",
			"scope": "instance",
			"description": "解析资源",
			"version": "egret-gd3d 1.0",
			"params": [
				{
					"name": "json",
					"type": "JSON",
					"description": "json数据"
				}
			]
		},
		{
			"kind": "function",
			"type": "number",
			"name": "caclByteLength",
			"memberof": "gd3d.framework.pathasset",
			"scope": "instance",
			"description": "计算资源字节大小",
			"version": "egret-gd3d 1.0"
		},
		{
			"kind": "function",
			"name": "dispose",
			"memberof": "gd3d.framework.pathasset",
			"scope": "instance",
			"description": "释放资源",
			"version": "egret-gd3d 1.0"
		},
		{
			"kind": "function",
			"type": "number",
			"name": "getGUID",
			"memberof": "gd3d.framework.pathasset",
			"scope": "instance",
			"description": "获取资源唯一id",
			"version": "egret-gd3d 1.0"
		},
		{
			"kind": "function",
			"type": "string",
			"name": "getName",
			"memberof": "gd3d.framework.pathasset",
			"scope": "instance",
			"description": "获取资源名称",
			"version": "egret-gd3d 1.0"
		},
		{
			"kind": "function",
			"name": "unuse",
			"memberof": "gd3d.framework.pathasset",
			"scope": "instance",
			"description": "引用计数减一",
			"version": "egret-gd3d 1.0"
		},
		{
			"kind": "function",
			"name": "use",
			"memberof": "gd3d.framework.pathasset",
			"scope": "instance",
			"description": "引用计数加一",
			"version": "egret-gd3d 1.0"
		}
	],
	"globalMember": [],
	"globalFunction": [],
	"class": {
		"kind": "class",
		"name": "pathasset",
		"memberof": "gd3d.framework",
		"filename": "framework\\asset\\resource\\pathasset.ts",
		"description": "路径编辑资源",
		"version": "egret-gd3d 1.0",
		"implements": [
			{
				"name": "gd3d.framework.IAsset"
			}
		]
	}
}