{
	"member": [
		{
			"kind": "member",
			"type": "Function",
			"name": "afterRender",
			"memberof": "gd3d.framework.canvas",
			"scope": "instance",
			"description": "渲染之后的回调",
			"version": "Egret 3.0",
			"platform": "Web,Native"
		},
		{
			"kind": "member",
			"type": "gd3d.framework.assetMgr",
			"name": "assetmgr",
			"memberof": "gd3d.framework.canvas",
			"scope": "instance"
		},
		{
			"kind": "member",
			"type": "gd3d.framework.batcher2D",
			"name": "batcher",
			"memberof": "gd3d.framework.canvas",
			"scope": "instance"
		},
		{
			"kind": "member",
			"type": "gd3d.framework.renderContext",
			"name": "context",
			"memberof": "gd3d.framework.canvas",
			"scope": "instance"
		},
		{
			"kind": "member",
			"type": "gd3d.framework.material",
			"name": "defmat",
			"memberof": "gd3d.framework.canvas",
			"scope": "static"
		},
		{
			"kind": "member",
			"type": "boolean",
			"name": "is2dUI",
			"memberof": "gd3d.framework.canvas",
			"scope": "instance",
			"default": "true"
		},
		{
			"kind": "member",
			"type": "gd3d.framework.material",
			"name": "lastMat",
			"memberof": "gd3d.framework.canvas",
			"scope": "instance"
		},
		{
			"kind": "member",
			"type": "gd3d.framework.transform",
			"name": "parentTrans",
			"memberof": "gd3d.framework.canvas",
			"scope": "instance"
		},
		{
			"kind": "member",
			"type": "number",
			"name": "pixelHeight",
			"memberof": "gd3d.framework.canvas",
			"scope": "instance",
			"default": "480"
		},
		{
			"kind": "member",
			"type": "number",
			"name": "pixelWidth",
			"memberof": "gd3d.framework.canvas",
			"scope": "instance",
			"description": "//画布使用的像素大小",
			"default": "640"
		},
		{
			"kind": "member",
			"type": "gd3d.framework.scene",
			"name": "scene",
			"memberof": "gd3d.framework.canvas",
			"scope": "instance"
		},
		{
			"kind": "member",
			"type": "WebGLRenderingContext",
			"name": "webgl",
			"memberof": "gd3d.framework.canvas",
			"scope": "instance"
		}
	],
	"function": [
		{
			"kind": "function",
			"name": "canvas",
			"memberof": "gd3d.framework.canvas",
			"scope": "instance"
		},
		{
			"kind": "function",
			"name": "addChild",
			"memberof": "gd3d.framework.canvas",
			"scope": "instance",
			"params": [
				{
					"name": "node",
					"type": "gd3d.framework.transform2D",
					"description": ""
				}
			]
		},
		{
			"kind": "function",
			"name": "drawScene",
			"memberof": "gd3d.framework.canvas",
			"scope": "instance",
			"params": [
				{
					"name": "node",
					"type": "gd3d.framework.transform2D",
					"description": ""
				},
				{
					"name": "context",
					"type": "gd3d.framework.renderContext",
					"description": ""
				},
				{
					"name": "assetmgr",
					"type": "gd3d.framework.assetMgr",
					"description": ""
				}
			]
		},
		{
			"kind": "function",
			"type": "gd3d.framework.transform2D",
			"name": "getChild",
			"memberof": "gd3d.framework.canvas",
			"scope": "instance",
			"params": [
				{
					"name": "index",
					"type": "number",
					"description": ""
				}
			]
		},
		{
			"kind": "function",
			"type": "number",
			"name": "getChildCount",
			"memberof": "gd3d.framework.canvas",
			"scope": "instance"
		},
		{
			"kind": "function",
			"type": "gd3d.framework.transform2D[]",
			"name": "getChildren",
			"memberof": "gd3d.framework.canvas",
			"scope": "instance"
		},
		{
			"kind": "function",
			"type": "gd3d.framework.transform2D",
			"name": "getRoot",
			"memberof": "gd3d.framework.canvas",
			"scope": "instance"
		},
		{
			"kind": "function",
			"name": "pushRawData",
			"memberof": "gd3d.framework.canvas",
			"scope": "instance",
			"params": [
				{
					"name": "mat",
					"type": "gd3d.framework.material",
					"description": ""
				},
				{
					"name": "data",
					"type": "number[]",
					"description": ""
				}
			]
		},
		{
			"kind": "function",
			"name": "removeChild",
			"memberof": "gd3d.framework.canvas",
			"scope": "instance",
			"params": [
				{
					"name": "node",
					"type": "gd3d.framework.transform2D",
					"description": ""
				}
			]
		},
		{
			"kind": "function",
			"name": "render",
			"memberof": "gd3d.framework.canvas",
			"scope": "instance",
			"params": [
				{
					"name": "context",
					"type": "gd3d.framework.renderContext",
					"description": ""
				},
				{
					"name": "assetmgr",
					"type": "gd3d.framework.assetMgr",
					"description": ""
				}
			]
		},
		{
			"kind": "function",
			"name": "update",
			"memberof": "gd3d.framework.canvas",
			"scope": "instance",
			"params": [
				{
					"name": "delta",
					"type": "number",
					"description": ""
				},
				{
					"name": "touch",
					"type": "Boolean",
					"description": ""
				},
				{
					"name": "XOnScreenSpace",
					"type": "number",
					"description": ""
				},
				{
					"name": "YOnScreenSpace",
					"type": "number",
					"description": ""
				}
			]
		}
	],
	"globalMember": [],
	"globalFunction": [],
	"class": {
		"kind": "class",
		"name": "canvas",
		"memberof": "gd3d.framework",
		"filename": "framework\\2d\\canvas.ts"
	}
}