{
	"member": [
		{
			"kind": "member",
			"type": "number",
			"name": "FramePlay",
			"memberof": "gd3d.framework.PlayStyle",
			"scope": "static",
			"default": "1"
		},
		{
			"kind": "member",
			"type": "number",
			"name": "NormalPlay",
			"memberof": "gd3d.framework.PlayStyle",
			"scope": "static",
			"default": "0"
		},
		{
			"kind": "member",
			"type": "number",
			"name": "PingPang",
			"memberof": "gd3d.framework.PlayStyle",
			"scope": "static",
			"default": "2"
		}
	],
	"function": [],
	"globalMember": [],
	"globalFunction": [],
	"class": {
		"kind": "enum",
		"name": "PlayStyle",
		"memberof": "gd3d.framework",
		"filename": "framework\\component\\aniplayer.ts"
	}
}