{
	"member": [
		{
			"kind": "member",
			"type": "Error[]",
			"name": "errs",
			"memberof": "gd3d.framework.stateLoad",
			"scope": "instance",
			"description": "加载过程中记录的错误信息",
			"version": "gd3d 1.0",
			"default": "[]"
		},
		{
			"kind": "member",
			"type": "boolean",
			"name": "iserror",
			"memberof": "gd3d.framework.stateLoad",
			"scope": "instance",
			"description": "加载是否遇到错误",
			"version": "gd3d 1.0",
			"default": "false"
		},
		{
			"kind": "member",
			"type": "boolean",
			"name": "isfinish",
			"memberof": "gd3d.framework.stateLoad",
			"scope": "instance",
			"description": "加载是否完成",
			"version": "gd3d 1.0",
			"default": "false"
		},
		{
			"kind": "member",
			"type": "string[]",
			"name": "logs",
			"memberof": "gd3d.framework.stateLoad",
			"scope": "instance",
			"description": "加载过程中记录的log",
			"version": "gd3d 1.0",
			"default": "[]"
		},
		{
			"kind": "member",
			"type": "{[id:string]:{res:IAsset, state}}",
			"name": "resstate",
			"memberof": "gd3d.framework.stateLoad",
			"scope": "instance",
			"description": "记录需要加载的每一个的状态和资源引用",
			"version": "gd3d 1.0",
			"default": "{}"
		}
	],
	"function": [],
	"globalMember": [],
	"globalFunction": [],
	"class": {
		"kind": "class",
		"name": "stateLoad",
		"memberof": "gd3d.framework",
		"filename": "framework\\asset\\assetmgr.ts",
		"description": "加载状态",
		"version": "gd3d 1.0"
	}
}