{
	"member": [
		{
			"kind": "member",
			"type": "boolean",
			"name": "defaultAsset",
			"memberof": "gd3d.framework.texture",
			"scope": "instance",
			"default": "false"
		},
		{
			"kind": "member",
			"type": "gd3d.render.glTexture2D",
			"name": "glTexture",
			"memberof": "gd3d.framework.texture",
			"scope": "instance"
		}
	],
	"function": [
		{
			"kind": "function",
			"name": "dispose",
			"memberof": "gd3d.framework.texture",
			"scope": "instance",
			"params": [
				{
					"name": "assetmgr",
					"type": "gd3d.framework.assetMgr",
					"description": ""
				}
			]
		},
		{
			"kind": "function",
			"type": "number",
			"name": "getGUID",
			"memberof": "gd3d.framework.texture",
			"scope": "instance"
		},
		{
			"kind": "function",
			"type": "string",
			"name": "getName",
			"memberof": "gd3d.framework.texture",
			"scope": "instance"
		},
		{
			"kind": "function",
			"name": "setAssetMgr",
			"memberof": "gd3d.framework.texture",
			"scope": "instance",
			"params": [
				{
					"name": "assetmgr",
					"type": "gd3d.framework.assetMgr",
					"description": ""
				}
			]
		},
		{
			"kind": "function",
			"name": "setName",
			"memberof": "gd3d.framework.texture",
			"scope": "instance",
			"params": [
				{
					"name": "name",
					"type": "string",
					"description": ""
				}
			]
		},
		{
			"kind": "function",
			"name": "unuse",
			"memberof": "gd3d.framework.texture",
			"scope": "instance"
		},
		{
			"kind": "function",
			"name": "use",
			"memberof": "gd3d.framework.texture",
			"scope": "instance"
		}
	],
	"globalMember": [],
	"globalFunction": [],
	"class": {
		"kind": "class",
		"name": "texture",
		"memberof": "gd3d.framework",
		"filename": "framework\\asset\\resource\\texture.ts",
		"implements": [
			{
				"name": "gd3d.framework.IAsset"
			}
		]
	}
}