{
	"member": [
		{
			"kind": "member",
			"type": "number",
			"name": "PointDown",
			"memberof": "gd3d.framework.PointEventEnum",
			"scope": "static",
			"default": "1"
		},
		{
			"kind": "member",
			"type": "number",
			"name": "PointHold",
			"memberof": "gd3d.framework.PointEventEnum",
			"scope": "static",
			"default": "2"
		},
		{
			"kind": "member",
			"type": "number",
			"name": "PointNothing",
			"memberof": "gd3d.framework.PointEventEnum",
			"scope": "static",
			"default": "0"
		},
		{
			"kind": "member",
			"type": "number",
			"name": "PointUp",
			"memberof": "gd3d.framework.PointEventEnum",
			"scope": "static",
			"default": "3"
		}
	],
	"function": [],
	"globalMember": [],
	"globalFunction": [],
	"class": {
		"kind": "enum",
		"name": "PointEventEnum",
		"memberof": "gd3d.framework",
		"filename": "framework\\2d\\event2d.ts"
	}
}