{
	"globalFunction": [
		{
			"filename": "..\\gd3d_engine\\lib\\Reflect.d.ts",
			"kind": "globalFunction",
			"type": "PropertyDescriptor",
			"name": "decorate",
			"memberof": "Reflect",
			"scope": "instance",
			"description": "Applies a set of decorators to a property of a target object.",
			"example": "class Example {        // property declarations are not part of ES6, though they are valid in TypeScript:        // static staticProperty;        // property;        static staticMethod() { }        method() { }    }    // property (on constructor)    Reflect.decorate(decoratorsArray, Example, \"staticProperty\");    // property (on prototype)    Reflect.decorate(decoratorsArray, Example.prototype, \"property\");    // method (on constructor)    Object.defineProperty(Example, \"staticMethod\",        Reflect.decorate(decoratorsArray, Example, \"staticMethod\",            Object.getOwnPropertyDescriptor(Example, \"staticMethod\")));    // method (on prototype)    Object.defineProperty(Example.prototype, \"method\",        Reflect.decorate(decoratorsArray, Example.prototype, \"method\",            Object.getOwnPropertyDescriptor(Example.prototype, \"method\")));",
			"params": [
				{
					"name": "decorators",
					"type": "(PropertyDecorator | MethodDecorator)[]",
					"description": "An array of decorators."
				},
				{
					"name": "target",
					"type": "Object",
					"description": "The target object."
				},
				{
					"name": "targetKey",
					"type": "string|symbol",
					"description": "The property key to decorate."
				},
				{
					"name": "descriptor",
					"question": true,
					"type": "PropertyDescriptor",
					"description": "A property descriptor"
				}
			]
		},
		{
			"filename": "..\\gd3d_engine\\lib\\Reflect.d.ts",
			"kind": "globalFunction",
			"type": "void",
			"name": "defineMetadata",
			"memberof": "Reflect",
			"scope": "instance",
			"description": "Define a unique metadata entry on the target.",
			"example": "class Example {        // property declarations are not part of ES6, though they are valid in TypeScript:        // static staticProperty;        // property;        static staticMethod(p) { }        method(p) { }    }    // property (on constructor)    Reflect.defineMetadata(\"custom:annotation\", Number, Example, \"staticProperty\");    // property (on prototype)    Reflect.defineMetadata(\"custom:annotation\", Number, Example.prototype, \"property\");    // method (on constructor)    Reflect.defineMetadata(\"custom:annotation\", Number, Example, \"staticMethod\");    // method (on prototype)    Reflect.defineMetadata(\"custom:annotation\", Number, Example.prototype, \"method\");    // decorator factory as metadata-producing annotation.    function MyAnnotation(options): PropertyDecorator {        return (target, key) => Reflect.defineMetadata(\"custom:annotation\", options, target, key);    }",
			"params": [
				{
					"name": "metadataKey",
					"type": "any",
					"description": "A key used to store and retrieve metadata."
				},
				{
					"name": "metadataValue",
					"type": "any",
					"description": "A value that contains attached metadata."
				},
				{
					"name": "target",
					"type": "Object",
					"description": "The target object on which to define metadata."
				},
				{
					"name": "targetKey",
					"type": "string|symbol",
					"description": "The property key for the target."
				}
			]
		},
		{
			"filename": "..\\gd3d_engine\\lib\\Reflect.d.ts",
			"kind": "globalFunction",
			"type": "boolean",
			"name": "deleteMetadata",
			"memberof": "Reflect",
			"scope": "instance",
			"description": "Deletes the metadata entry from the target object with the provided key.",
			"returns": "`true` if the metadata entry was found and deleted; otherwise, false.",
			"example": "class Example {        // property declarations are not part of ES6, though they are valid in TypeScript:        // static staticProperty;        // property;        static staticMethod(p) { }        method(p) { }    }    // property (on constructor)    result = Reflect.deleteMetadata(\"custom:annotation\", Example, \"staticProperty\");    // property (on prototype)    result = Reflect.deleteMetadata(\"custom:annotation\", Example.prototype, \"property\");    // method (on constructor)    result = Reflect.deleteMetadata(\"custom:annotation\", Example, \"staticMethod\");    // method (on prototype)    result = Reflect.deleteMetadata(\"custom:annotation\", Example.prototype, \"method\");",
			"params": [
				{
					"name": "metadataKey",
					"type": "any",
					"description": "A key used to store and retrieve metadata."
				},
				{
					"name": "target",
					"type": "Object",
					"description": "The target object on which the metadata is defined."
				},
				{
					"name": "targetKey",
					"type": "string|symbol",
					"description": "The property key for the target."
				}
			]
		},
		{
			"filename": "..\\gd3d_engine\\lib\\Reflect.d.ts",
			"kind": "globalFunction",
			"type": "any",
			"name": "getMetadata",
			"memberof": "Reflect",
			"scope": "instance",
			"description": "Gets the metadata value for the provided metadata key on the target object or its prototype chain.",
			"returns": "The metadata value for the metadata key if found; otherwise, `undefined`.",
			"example": "class Example {        // property declarations are not part of ES6, though they are valid in TypeScript:        // static staticProperty;        // property;        static staticMethod(p) { }        method(p) { }    }    // property (on constructor)    result = Reflect.getMetadata(\"custom:annotation\", Example, \"staticProperty\");    // property (on prototype)    result = Reflect.getMetadata(\"custom:annotation\", Example.prototype, \"property\");    // method (on constructor)    result = Reflect.getMetadata(\"custom:annotation\", Example, \"staticMethod\");    // method (on prototype)    result = Reflect.getMetadata(\"custom:annotation\", Example.prototype, \"method\");",
			"params": [
				{
					"name": "metadataKey",
					"type": "any",
					"description": "A key used to store and retrieve metadata."
				},
				{
					"name": "target",
					"type": "Object",
					"description": "The target object on which the metadata is defined."
				},
				{
					"name": "targetKey",
					"type": "string|symbol",
					"description": "The property key for the target."
				}
			]
		},
		{
			"filename": "..\\gd3d_engine\\lib\\Reflect.d.ts",
			"kind": "globalFunction",
			"type": "any[]",
			"name": "getMetadataKeys",
			"memberof": "Reflect",
			"scope": "instance",
			"description": "Gets the metadata keys defined on the target object or its prototype chain.",
			"returns": "An array of unique metadata keys.",
			"example": "class Example {        // property declarations are not part of ES6, though they are valid in TypeScript:        // static staticProperty;        // property;        static staticMethod(p) { }        method(p) { }    }    // property (on constructor)    result = Reflect.getMetadataKeys(Example, \"staticProperty\");    // property (on prototype)    result = Reflect.getMetadataKeys(Example.prototype, \"property\");    // method (on constructor)    result = Reflect.getMetadataKeys(Example, \"staticMethod\");    // method (on prototype)    result = Reflect.getMetadataKeys(Example.prototype, \"method\");",
			"params": [
				{
					"name": "target",
					"type": "Object",
					"description": "The target object on which the metadata is defined."
				},
				{
					"name": "targetKey",
					"type": "string|symbol",
					"description": "The property key for the target."
				}
			]
		},
		{
			"filename": "..\\gd3d_engine\\lib\\Reflect.d.ts",
			"kind": "globalFunction",
			"type": "any",
			"name": "getOwnMetadata",
			"memberof": "Reflect",
			"scope": "instance",
			"description": "Gets the metadata value for the provided metadata key on the target object.",
			"returns": "The metadata value for the metadata key if found; otherwise, `undefined`.",
			"example": "class Example {        // property declarations are not part of ES6, though they are valid in TypeScript:        // static staticProperty;        // property;        static staticMethod(p) { }        method(p) { }    }    // property (on constructor)    result = Reflect.getOwnMetadata(\"custom:annotation\", Example, \"staticProperty\");    // property (on prototype)    result = Reflect.getOwnMetadata(\"custom:annotation\", Example.prototype, \"property\");    // method (on constructor)    result = Reflect.getOwnMetadata(\"custom:annotation\", Example, \"staticMethod\");    // method (on prototype)    result = Reflect.getOwnMetadata(\"custom:annotation\", Example.prototype, \"method\");",
			"params": [
				{
					"name": "metadataKey",
					"type": "any",
					"description": "A key used to store and retrieve metadata."
				},
				{
					"name": "target",
					"type": "Object",
					"description": "The target object on which the metadata is defined."
				},
				{
					"name": "targetKey",
					"type": "string|symbol",
					"description": "The property key for the target."
				}
			]
		},
		{
			"filename": "..\\gd3d_engine\\lib\\Reflect.d.ts",
			"kind": "globalFunction",
			"type": "any[]",
			"name": "getOwnMetadataKeys",
			"memberof": "Reflect",
			"scope": "instance",
			"description": "Gets the unique metadata keys defined on the target object.",
			"returns": "An array of unique metadata keys.",
			"example": "class Example {        // property declarations are not part of ES6, though they are valid in TypeScript:        // static staticProperty;        // property;        static staticMethod(p) { }        method(p) { }    }    // property (on constructor)    result = Reflect.getOwnMetadataKeys(Example, \"staticProperty\");    // property (on prototype)    result = Reflect.getOwnMetadataKeys(Example.prototype, \"property\");    // method (on constructor)    result = Reflect.getOwnMetadataKeys(Example, \"staticMethod\");    // method (on prototype)    result = Reflect.getOwnMetadataKeys(Example.prototype, \"method\");",
			"params": [
				{
					"name": "target",
					"type": "Object",
					"description": "The target object on which the metadata is defined."
				},
				{
					"name": "targetKey",
					"type": "string|symbol",
					"description": "The property key for the target."
				}
			]
		},
		{
			"filename": "..\\gd3d_engine\\lib\\Reflect.d.ts",
			"kind": "globalFunction",
			"type": "boolean",
			"name": "hasMetadata",
			"memberof": "Reflect",
			"scope": "instance",
			"description": "Gets a value indicating whether the target object or its prototype chain has the provided metadata key defined.",
			"returns": "`true` if the metadata key was defined on the target object or its prototype chain; otherwise, `false`.",
			"example": "class Example {        // property declarations are not part of ES6, though they are valid in TypeScript:        // static staticProperty;        // property;        static staticMethod(p) { }        method(p) { }    }    // property (on constructor)    result = Reflect.hasMetadata(\"custom:annotation\", Example, \"staticProperty\");    // property (on prototype)    result = Reflect.hasMetadata(\"custom:annotation\", Example.prototype, \"property\");    // method (on constructor)    result = Reflect.hasMetadata(\"custom:annotation\", Example, \"staticMethod\");    // method (on prototype)    result = Reflect.hasMetadata(\"custom:annotation\", Example.prototype, \"method\");",
			"params": [
				{
					"name": "metadataKey",
					"type": "any",
					"description": "A key used to store and retrieve metadata."
				},
				{
					"name": "target",
					"type": "Object",
					"description": "The target object on which the metadata is defined."
				},
				{
					"name": "targetKey",
					"type": "string|symbol",
					"description": "The property key for the target."
				}
			]
		},
		{
			"filename": "..\\gd3d_engine\\lib\\Reflect.d.ts",
			"kind": "globalFunction",
			"type": "boolean",
			"name": "hasOwnMetadata",
			"memberof": "Reflect",
			"scope": "instance",
			"description": "Gets a value indicating whether the target object has the provided metadata key defined.",
			"returns": "`true` if the metadata key was defined on the target object; otherwise, `false`.",
			"example": "class Example {        // property declarations are not part of ES6, though they are valid in TypeScript:        // static staticProperty;        // property;        static staticMethod(p) { }        method(p) { }    }    // property (on constructor)    result = Reflect.hasOwnMetadata(\"custom:annotation\", Example, \"staticProperty\");    // property (on prototype)    result = Reflect.hasOwnMetadata(\"custom:annotation\", Example.prototype, \"property\");    // method (on constructor)    result = Reflect.hasOwnMetadata(\"custom:annotation\", Example, \"staticMethod\");    // method (on prototype)    result = Reflect.hasOwnMetadata(\"custom:annotation\", Example.prototype, \"method\");",
			"params": [
				{
					"name": "metadataKey",
					"type": "any",
					"description": "A key used to store and retrieve metadata."
				},
				{
					"name": "target",
					"type": "Object",
					"description": "The target object on which the metadata is defined."
				},
				{
					"name": "targetKey",
					"type": "string|symbol",
					"description": "The property key for the target."
				}
			]
		},
		{
			"filename": "..\\gd3d_engine\\lib\\Reflect.d.ts",
			"kind": "globalFunction",
			"type": "{(target:Function):void;(target:Object,targetKey:string|symbol):void;}",
			"name": "metadata",
			"memberof": "Reflect",
			"scope": "instance",
			"description": "A default metadata decorator factory that can be used on a class, class member, or parameter.",
			"returns": "A decorator function.",
			"example": "// constructor",
			"params": [
				{
					"name": "metadataKey",
					"type": "any",
					"description": "The key for the metadata entry."
				},
				{
					"name": "metadataValue",
					"type": "any",
					"description": "The value for the metadata entry."
				}
			]
		}
	]
}