{
	"member": [
		{
			"kind": "member",
			"type": "HTMLDivElement",
			"name": "container",
			"memberof": "Stats.Stats",
			"scope": "instance"
		}
	],
	"function": [
		{
			"kind": "function",
			"name": "Stats",
			"memberof": "Stats.Stats",
			"scope": "instance"
		},
		{
			"kind": "function",
			"name": "update",
			"memberof": "Stats.Stats",
			"scope": "instance"
		}
	],
	"globalMember": [],
	"globalFunction": [],
	"class": {
		"kind": "class",
		"name": "Stats",
		"memberof": "Stats",
		"filename": "framework\\stats.ts"
	}
}