{"cls":"transform2D","insid":107,"prefab":"/Resources/auiPre/ui/label","layer":0,"tag":"Untagged","name":"label","isStatic":false,"width":160,"height":30,"pivot":{"cls":"vector2","x":0,"y":0},"_visible":true,"localTranslate":{"cls":"vector2","x":480.5,"y":345},"localScale":{"cls":"vector2","x":1,"y":1},"localRotate":0,"isMask":false,"components":[{"cls":"label","text":"texttexttext","_fontName":"defFont.font.json","fontsize":30,"linespace":1,"horizontalType":0,"verticalType":0,"horizontalOverflow":true,"verticalOverflow":true,"color":{"cls":"color","r":0,"g":0,"b":0,"a":1},"color2":{"cls":"color","r":0,"g":0,"b":0,"a":1}}],"layoutState":48,"layoutValueMap":{"16":0,"32":0},"layoutPercentState":0}