{"button.cprefab.json":"{\"cls\":\"transform2D\",\"insid\":204,\"prefab\":\"/Resources/auiPre/ui/button\",\"layer\":0,\"tag\":\"Untagged\",\"name\":\"button\",\"isStatic\":false,\"children\":[{\"cls\":\"transform2D\",\"insid\":205,\"prefab\":\"/Resources/auiPre/ui/button\",\"layer\":0,\"tag\":\"Untagged\",\"name\":\"label\",\"isStatic\":false,\"width\":160,\"height\":30,\"pivot\":{\"cls\":\"vector2\",\"x\":0,\"y\":0},\"_visible\":true,\"localTranslate\":{\"cls\":\"vector2\",\"x\":0,\"y\":0},\"localScale\":{\"cls\":\"vector2\",\"x\":1,\"y\":1},\"localRotate\":0,\"isMask\":false,\"components\":[{\"cls\":\"label\",\"text\":\"Button\",\"_fontName\":\"defFont.font.json\",\"fontsize\":24,\"linespace\":1,\"horizontalType\":0,\"verticalType\":0,\"horizontalOverflow\":false,\"verticalOverflow\":false,\"color\":{\"cls\":\"color\",\"r\":0.2,\"g\":0.2,\"b\":0.2,\"a\":1},\"color2\":{\"cls\":\"color\",\"r\":0,\"g\":0,\"b\":0.5,\"a\":0.5}}],\"layoutState\":15,\"layoutValueMap\":{\"1\":0,\"2\":0,\"4\":0,\"8\":0},\"layoutPercentState\":0}],\"width\":160,\"height\":30,\"pivot\":{\"cls\":\"vector2\",\"x\":0,\"y\":0},\"_visible\":true,\"localTranslate\":{\"cls\":\"vector2\",\"x\":480.5,\"y\":345},\"localScale\":{\"cls\":\"vector2\",\"x\":1,\"y\":1},\"localRotate\":0,\"isMask\":false,\"components\":[{\"cls\":\"button\",\"transition\":1,\"_origianlSpriteName\":\"white_sprite\",\"_pressedSpriteName\":\"\",\"targetImage\":{\"cls\":\"image2D\",\"refid\":204},\"normalColor\":{\"cls\":\"color\",\"r\":1,\"g\":1,\"b\":1,\"a\":1},\"pressedColor\":{\"cls\":\"color\",\"r\":0.5,\"g\":0.5,\"b\":0.5,\"a\":1},\"fadeDuration\":0.1},{\"cls\":\"image2D\",\"color\":{\"cls\":\"color\",\"r\":1,\"g\":1,\"b\":1,\"a\":1},\"imageType\":0,\"fillMethod\":0,\"fillAmmount\":1,\"_spriteName\":\"common.atlas.json_common_btn_tchuang\",\"_imageBorder\":{\"cls\":\"border\",\"l\":0,\"t\":0,\"r\":0,\"b\":0}}],\"layoutState\":48,\"layoutValueMap\":{\"16\":0,\"32\":0},\"layoutPercentState\":0}"}