{
	"member": [
		{
			"kind": "member",
			"type": "number",
			"name": "Float",
			"memberof": "ChannelTypes",
			"scope": "static",
			"default": "12"
		},
		{
			"kind": "member",
			"type": "number",
			"name": "SignedByte",
			"memberof": "ChannelTypes",
			"scope": "static",
			"default": "3"
		},
		{
			"kind": "member",
			"type": "number",
			"name": "SignedByteNorm",
			"memberof": "ChannelTypes",
			"scope": "static",
			"default": "1"
		},
		{
			"kind": "member",
			"type": "number",
			"name": "SignedFloat",
			"memberof": "ChannelTypes",
			"scope": "static",
			"default": "12"
		},
		{
			"kind": "member",
			"type": "number",
			"name": "SignedInteger",
			"memberof": "ChannelTypes",
			"scope": "static",
			"default": "11"
		},
		{
			"kind": "member",
			"type": "number",
			"name": "SignedIntegerNorm",
			"memberof": "ChannelTypes",
			"scope": "static",
			"default": "9"
		},
		{
			"kind": "member",
			"type": "number",
			"name": "SignedShort",
			"memberof": "ChannelTypes",
			"scope": "static",
			"default": "7"
		},
		{
			"kind": "member",
			"type": "number",
			"name": "SignedShortNorm",
			"memberof": "ChannelTypes",
			"scope": "static",
			"default": "5"
		},
		{
			"kind": "member",
			"type": "number",
			"name": "UnsignedByte",
			"memberof": "ChannelTypes",
			"scope": "static",
			"default": "2"
		},
		{
			"kind": "member",
			"type": "number",
			"name": "UnsignedByteNorm",
			"memberof": "ChannelTypes",
			"scope": "static",
			"default": "0"
		},
		{
			"kind": "member",
			"type": "number",
			"name": "UnsignedFloat",
			"memberof": "ChannelTypes",
			"scope": "static",
			"default": "13"
		},
		{
			"kind": "member",
			"type": "number",
			"name": "UnsignedInteger",
			"memberof": "ChannelTypes",
			"scope": "static",
			"default": "10"
		},
		{
			"kind": "member",
			"type": "number",
			"name": "UnsignedIntegerNorm",
			"memberof": "ChannelTypes",
			"scope": "static",
			"default": "8"
		},
		{
			"kind": "member",
			"type": "number",
			"name": "UnsignedShort",
			"memberof": "ChannelTypes",
			"scope": "static",
			"default": "6"
		},
		{
			"kind": "member",
			"type": "number",
			"name": "UnsignedShortNorm",
			"memberof": "ChannelTypes",
			"scope": "static",
			"default": "4"
		}
	],
	"function": [],
	"globalMember": [],
	"globalFunction": [],
	"class": {
		"kind": "enum",
		"name": "ChannelTypes",
		"memberof": "",
		"filename": "framework\\asset\\pvr.ts"
	}
}