{
	"member": [
		{
			"kind": "member",
			"type": "number",
			"name": "ControlPoint",
			"memberof": "gd3d.framework.epointtype",
			"scope": "static",
			"default": "1"
		},
		{
			"kind": "member",
			"type": "number",
			"name": "VertexPoint",
			"memberof": "gd3d.framework.epointtype",
			"scope": "static",
			"default": "0"
		}
	],
	"function": [],
	"globalMember": [],
	"globalFunction": [],
	"class": {
		"kind": "enum",
		"name": "epointtype",
		"memberof": "gd3d.framework",
		"filename": "framework\\asset\\resource\\pathasset.ts"
	}
}