{
	"member": [
		{
			"kind": "member",
			"type": "number",
			"name": "Float",
			"memberof": "gd3d.render.UniformTypeEnum",
			"scope": "static",
			"default": "1"
		},
		{
			"kind": "member",
			"type": "number",
			"name": "Float4",
			"memberof": "gd3d.render.UniformTypeEnum",
			"scope": "static",
			"default": "3"
		},
		{
			"kind": "member",
			"type": "number",
			"name": "Float4v",
			"memberof": "gd3d.render.UniformTypeEnum",
			"scope": "static",
			"default": "4"
		},
		{
			"kind": "member",
			"type": "number",
			"name": "Float4x4",
			"memberof": "gd3d.render.UniformTypeEnum",
			"scope": "static",
			"default": "5"
		},
		{
			"kind": "member",
			"type": "number",
			"name": "Float4x4v",
			"memberof": "gd3d.render.UniformTypeEnum",
			"scope": "static",
			"default": "6"
		},
		{
			"kind": "member",
			"type": "number",
			"name": "Floatv",
			"memberof": "gd3d.render.UniformTypeEnum",
			"scope": "static",
			"default": "2"
		},
		{
			"kind": "member",
			"type": "number",
			"name": "Texture",
			"memberof": "gd3d.render.UniformTypeEnum",
			"scope": "static",
			"default": "0"
		}
	],
	"function": [],
	"globalMember": [],
	"globalFunction": [],
	"class": {
		"kind": "enum",
		"name": "UniformTypeEnum",
		"memberof": "gd3d.render",
		"filename": "render\\resource\\shader.ts"
	}
}