{
	"member": [
		{
			"kind": "member",
			"type": "number",
			"name": "boneCount",
			"memberof": "gd3d.framework.animationClip",
			"scope": "instance"
		},
		{
			"kind": "member",
			"type": "string[]",
			"name": "bones",
			"memberof": "gd3d.framework.animationClip",
			"scope": "instance"
		},
		{
			"kind": "member",
			"type": "boolean",
			"name": "defaultAsset",
			"memberof": "gd3d.framework.animationClip",
			"scope": "instance",
			"default": "false"
		},
		{
			"kind": "member",
			"type": "number",
			"name": "fps",
			"memberof": "gd3d.framework.animationClip",
			"scope": "instance"
		},
		{
			"kind": "member",
			"type": "number",
			"name": "frameCount",
			"memberof": "gd3d.framework.animationClip",
			"scope": "instance"
		},
		{
			"kind": "member",
			"type": "{[fid:string]:Float32Array}",
			"name": "frames",
			"memberof": "gd3d.framework.animationClip",
			"scope": "instance"
		},
		{
			"kind": "member",
			"type": "boolean",
			"name": "loop",
			"memberof": "gd3d.framework.animationClip",
			"scope": "instance"
		},
		{
			"kind": "member",
			"type": "number",
			"name": "subclipCount",
			"memberof": "gd3d.framework.animationClip",
			"scope": "instance"
		},
		{
			"kind": "member",
			"type": "gd3d.framework.subClip[]",
			"name": "subclips",
			"memberof": "gd3d.framework.animationClip",
			"scope": "instance"
		}
	],
	"function": [
		{
			"kind": "function",
			"name": "animationClip",
			"memberof": "gd3d.framework.animationClip",
			"scope": "instance",
			"params": [
				{
					"name": "assetName",
					"type": "string",
					"default": "null",
					"description": ""
				}
			]
		},
		{
			"kind": "function",
			"type": "void",
			"name": "Parse",
			"memberof": "gd3d.framework.animationClip",
			"scope": "instance",
			"params": [
				{
					"name": "buf",
					"type": "ArrayBuffer",
					"description": ""
				}
			]
		},
		{
			"kind": "function",
			"type": "number",
			"name": "caclByteLength",
			"memberof": "gd3d.framework.animationClip",
			"scope": "instance"
		},
		{
			"kind": "function",
			"name": "dispose",
			"memberof": "gd3d.framework.animationClip",
			"scope": "instance"
		},
		{
			"kind": "function",
			"type": "number",
			"name": "getGUID",
			"memberof": "gd3d.framework.animationClip",
			"scope": "instance"
		},
		{
			"kind": "function",
			"type": "string",
			"name": "getName",
			"memberof": "gd3d.framework.animationClip",
			"scope": "instance"
		},
		{
			"kind": "function",
			"name": "unuse",
			"memberof": "gd3d.framework.animationClip",
			"scope": "instance",
			"params": [
				{
					"name": "disposeNow",
					"type": "boolean",
					"default": "false",
					"description": ""
				}
			]
		},
		{
			"kind": "function",
			"name": "use",
			"memberof": "gd3d.framework.animationClip",
			"scope": "instance"
		}
	],
	"globalMember": [],
	"globalFunction": [],
	"class": {
		"kind": "class",
		"name": "animationClip",
		"memberof": "gd3d.framework",
		"filename": "framework\\asset\\resource\\animationclip.ts",
		"implements": [
			{
				"name": "gd3d.framework.IAsset"
			}
		]
	}
}