{
	"member": [
		{
			"kind": "member",
			"type": "gd3d.render.glRenderTarget",
			"name": "renderTarget",
			"memberof": "gd3d.framework.ICameraPostQueue",
			"scope": "instance"
		}
	],
	"function": [
		{
			"kind": "function",
			"name": "render",
			"memberof": "gd3d.framework.ICameraPostQueue",
			"scope": "instance",
			"params": [
				{
					"name": "scene",
					"type": "gd3d.framework.scene",
					"description": ""
				},
				{
					"name": "context",
					"type": "gd3d.framework.renderContext",
					"description": ""
				},
				{
					"name": "camera",
					"type": "gd3d.framework.camera",
					"description": ""
				}
			]
		}
	],
	"globalMember": [],
	"globalFunction": [],
	"class": {
		"kind": "interface",
		"name": "ICameraPostQueue",
		"memberof": "gd3d.framework",
		"filename": "framework\\component\\camera.ts"
	}
}