{
	"member": [
		{
			"kind": "member",
			"type": "number",
			"name": "endframe",
			"memberof": "gd3d.framework.subClip",
			"scope": "instance"
		},
		{
			"kind": "member",
			"type": "boolean",
			"name": "loop",
			"memberof": "gd3d.framework.subClip",
			"scope": "instance"
		},
		{
			"kind": "member",
			"type": "string",
			"name": "name",
			"memberof": "gd3d.framework.subClip",
			"scope": "instance"
		},
		{
			"kind": "member",
			"type": "number",
			"name": "startframe",
			"memberof": "gd3d.framework.subClip",
			"scope": "instance"
		}
	],
	"function": [
		{
			"kind": "function",
			"type": "number",
			"name": "caclByteLength",
			"memberof": "gd3d.framework.subClip",
			"scope": "static"
		}
	],
	"globalMember": [],
	"globalFunction": [],
	"class": {
		"kind": "class",
		"name": "subClip",
		"memberof": "gd3d.framework",
		"filename": "framework\\asset\\resource\\animationclip.ts"
	}
}