{
	"member": [
		{
			"kind": "member",
			"type": "number",
			"name": "alphaCut",
			"memberof": "gd3d.framework.EffectMatData",
			"scope": "instance"
		},
		{
			"kind": "member",
			"type": "gd3d.framework.texture",
			"name": "diffuseTexture",
			"memberof": "gd3d.framework.EffectMatData",
			"scope": "instance"
		},
		{
			"kind": "member",
			"type": "gd3d.framework.shader",
			"name": "shader",
			"memberof": "gd3d.framework.EffectMatData",
			"scope": "instance"
		}
	],
	"function": [
		{
			"kind": "function",
			"name": "beEqual",
			"memberof": "gd3d.framework.EffectMatData",
			"scope": "static",
			"params": [
				{
					"name": "data0",
					"type": "gd3d.framework.EffectMatData",
					"description": ""
				},
				{
					"name": "data1",
					"type": "gd3d.framework.EffectMatData",
					"description": ""
				}
			]
		},
		{
			"kind": "function",
			"type": "gd3d.framework.EffectMatData",
			"name": "clone",
			"memberof": "gd3d.framework.EffectMatData",
			"scope": "instance"
		}
	],
	"globalMember": [],
	"globalFunction": [],
	"class": {
		"kind": "class",
		"name": "EffectMatData",
		"memberof": "gd3d.framework",
		"filename": "framework\\particle\\data\\effectalldata.ts"
	}
}