{
	"member": [
		{
			"kind": "member",
			"type": "gd3d.render.drawInfo",
			"name": "ins",
			"memberof": "gd3d.render.drawInfo",
			"scope": "static",
			"rwType": 1
		},
		{
			"kind": "member",
			"type": "number",
			"name": "renderCount",
			"memberof": "gd3d.render.drawInfo",
			"scope": "instance"
		},
		{
			"kind": "member",
			"type": "number",
			"name": "triCount",
			"memberof": "gd3d.render.drawInfo",
			"scope": "instance"
		},
		{
			"kind": "member",
			"type": "number",
			"name": "vboCount",
			"memberof": "gd3d.render.drawInfo",
			"scope": "instance"
		}
	],
	"function": [],
	"globalMember": [],
	"globalFunction": [],
	"class": {
		"kind": "class",
		"name": "drawInfo",
		"memberof": "gd3d.render",
		"filename": "render\\renderer\\mesh.ts"
	}
}