{
	"member": [
		{
			"kind": "member",
			"type": "boolean",
			"name": "beLoop",
			"memberof": "gd3d.framework.EffectSystemData",
			"scope": "instance",
			"default": "false"
		},
		{
			"kind": "member",
			"type": "gd3d.framework.EffectElementData[]",
			"name": "elements",
			"memberof": "gd3d.framework.EffectSystemData",
			"scope": "instance",
			"default": "[]"
		},
		{
			"kind": "member",
			"type": "number",
			"name": "life",
			"memberof": "gd3d.framework.EffectSystemData",
			"scope": "instance"
		}
	],
	"function": [
		{
			"kind": "function",
			"name": "clone",
			"memberof": "gd3d.framework.EffectSystemData",
			"scope": "instance"
		},
		{
			"kind": "function",
			"name": "dispose",
			"memberof": "gd3d.framework.EffectSystemData",
			"scope": "instance"
		}
	],
	"globalMember": [],
	"globalFunction": [],
	"class": {
		"kind": "class",
		"name": "EffectSystemData",
		"memberof": "gd3d.framework",
		"filename": "framework\\particle\\data\\effectalldata.ts"
	}
}