{
	"member": [
		{
			"kind": "member",
			"type": "any",
			"name": "defaultValue",
			"memberof": "gd3d.framework.UniformData",
			"scope": "instance"
		},
		{
			"kind": "member",
			"type": "gd3d.render.UniformTypeEnum",
			"name": "type",
			"memberof": "gd3d.framework.UniformData",
			"scope": "instance"
		},
		{
			"kind": "member",
			"type": "any",
			"name": "value",
			"memberof": "gd3d.framework.UniformData",
			"scope": "instance"
		}
	],
	"function": [
		{
			"kind": "function",
			"name": "UniformData",
			"memberof": "gd3d.framework.UniformData",
			"scope": "instance",
			"params": [
				{
					"name": "type",
					"type": "gd3d.render.UniformTypeEnum",
					"description": ""
				},
				{
					"name": "value",
					"type": "any",
					"description": ""
				},
				{
					"name": "defaultValue",
					"type": "any",
					"default": "null",
					"description": ""
				}
			]
		}
	],
	"globalMember": [],
	"globalFunction": [],
	"class": {
		"kind": "class",
		"name": "UniformData",
		"memberof": "gd3d.framework",
		"filename": "framework\\asset\\resource\\material.ts"
	}
}