{
	"member": [
		{
			"kind": "member",
			"type": "string",
			"name": "atlas",
			"memberof": "gd3d.framework.sprite",
			"scope": "instance"
		},
		{
			"kind": "member",
			"type": "gd3d.math.border",
			"name": "border",
			"memberof": "gd3d.framework.sprite",
			"scope": "instance"
		},
		{
			"kind": "member",
			"type": "boolean",
			"name": "defaultAsset",
			"memberof": "gd3d.framework.sprite",
			"scope": "instance"
		},
		{
			"kind": "member",
			"type": "gd3d.math.rect",
			"name": "rect",
			"memberof": "gd3d.framework.sprite",
			"scope": "instance"
		},
		{
			"kind": "member",
			"name": "texture",
			"memberof": "gd3d.framework.sprite",
			"scope": "instance"
		},
		{
			"kind": "member",
			"name": "urange",
			"memberof": "gd3d.framework.sprite",
			"scope": "instance",
			"rwType": 1
		},
		{
			"kind": "member",
			"name": "vrange",
			"memberof": "gd3d.framework.sprite",
			"scope": "instance",
			"rwType": 1
		}
	],
	"function": [
		{
			"kind": "function",
			"name": "sprite",
			"memberof": "gd3d.framework.sprite",
			"scope": "instance",
			"params": [
				{
					"name": "assetName",
					"type": "string",
					"default": "null",
					"description": ""
				}
			]
		},
		{
			"kind": "function",
			"type": "number",
			"name": "caclByteLength",
			"memberof": "gd3d.framework.sprite",
			"scope": "instance"
		},
		{
			"kind": "function",
			"name": "dispose",
			"memberof": "gd3d.framework.sprite",
			"scope": "instance"
		},
		{
			"kind": "function",
			"type": "number",
			"name": "getGUID",
			"memberof": "gd3d.framework.sprite",
			"scope": "instance"
		},
		{
			"kind": "function",
			"type": "string",
			"name": "getName",
			"memberof": "gd3d.framework.sprite",
			"scope": "instance"
		},
		{
			"kind": "function",
			"name": "unuse",
			"memberof": "gd3d.framework.sprite",
			"scope": "instance",
			"params": [
				{
					"name": "disposeNow",
					"type": "boolean",
					"default": "false",
					"description": ""
				}
			]
		},
		{
			"kind": "function",
			"name": "use",
			"memberof": "gd3d.framework.sprite",
			"scope": "instance"
		}
	],
	"globalMember": [],
	"globalFunction": [],
	"class": {
		"kind": "class",
		"name": "sprite",
		"memberof": "gd3d.framework",
		"filename": "framework\\asset\\resource\\sprite.ts",
		"implements": [
			{
				"name": "gd3d.framework.IAsset"
			}
		]
	}
}