{
	"member": [
		{
			"kind": "member",
			"type": "string",
			"name": "assetbundle",
			"memberof": "gd3d.framework.prefab",
			"scope": "instance",
			"description": "//prefab依赖的AssetBundle",
			"default": "null"
		},
		{
			"kind": "member",
			"type": "boolean",
			"name": "defaultAsset",
			"memberof": "gd3d.framework.prefab",
			"scope": "instance",
			"default": "false"
		},
		{
			"kind": "member",
			"type": "string",
			"name": "jsonstr",
			"memberof": "gd3d.framework.prefab",
			"scope": "instance"
		}
	],
	"function": [
		{
			"kind": "function",
			"name": "prefab",
			"memberof": "gd3d.framework.prefab",
			"scope": "instance",
			"params": [
				{
					"name": "assetName",
					"type": "string",
					"default": "null",
					"description": ""
				}
			]
		},
		{
			"kind": "function",
			"name": "Parse",
			"memberof": "gd3d.framework.prefab",
			"scope": "instance",
			"params": [
				{
					"name": "jsonStr",
					"type": "string",
					"description": ""
				},
				{
					"name": "assetmgr",
					"type": "gd3d.framework.assetMgr",
					"description": ""
				}
			]
		},
		{
			"kind": "function",
			"name": "apply",
			"memberof": "gd3d.framework.prefab",
			"scope": "instance",
			"params": [
				{
					"name": "trans",
					"type": "gd3d.framework.transform",
					"description": ""
				}
			]
		},
		{
			"kind": "function",
			"type": "number",
			"name": "caclByteLength",
			"memberof": "gd3d.framework.prefab",
			"scope": "instance"
		},
		{
			"kind": "function",
			"name": "dispose",
			"memberof": "gd3d.framework.prefab",
			"scope": "instance"
		},
		{
			"kind": "function",
			"type": "gd3d.framework.transform",
			"name": "getCloneTrans",
			"memberof": "gd3d.framework.prefab",
			"scope": "instance"
		},
		{
			"kind": "function",
			"type": "number",
			"name": "getGUID",
			"memberof": "gd3d.framework.prefab",
			"scope": "instance"
		},
		{
			"kind": "function",
			"type": "string",
			"name": "getName",
			"memberof": "gd3d.framework.prefab",
			"scope": "instance"
		},
		{
			"kind": "function",
			"name": "unuse",
			"memberof": "gd3d.framework.prefab",
			"scope": "instance",
			"params": [
				{
					"name": "disposeNow",
					"type": "boolean",
					"default": "false",
					"description": ""
				}
			]
		},
		{
			"kind": "function",
			"name": "use",
			"memberof": "gd3d.framework.prefab",
			"scope": "instance"
		}
	],
	"globalMember": [],
	"globalFunction": [],
	"class": {
		"kind": "class",
		"name": "prefab",
		"memberof": "gd3d.framework",
		"filename": "framework\\asset\\resource\\prefab.ts",
		"implements": [
			{
				"name": "gd3d.framework.IAsset"
			}
		]
	}
}