{
	"member": [
		{
			"kind": "member",
			"type": "gd3d.math.vector3",
			"name": "point",
			"memberof": "gd3d.framework.pointitem",
			"scope": "instance"
		},
		{
			"kind": "member",
			"type": "gd3d.framework.epointtype",
			"name": "type",
			"memberof": "gd3d.framework.pointitem",
			"scope": "instance"
		}
	],
	"function": [],
	"globalMember": [],
	"globalFunction": [],
	"class": {
		"kind": "class",
		"name": "pointitem",
		"memberof": "gd3d.framework",
		"filename": "framework\\asset\\resource\\pathasset.ts"
	}
}