{
	"member": [
		{
			"kind": "member",
			"type": "number",
			"name": "FS",
			"memberof": "gd3d.render.ShaderTypeEnum",
			"scope": "static",
			"default": "1"
		},
		{
			"kind": "member",
			"type": "number",
			"name": "VS",
			"memberof": "gd3d.render.ShaderTypeEnum",
			"scope": "static",
			"default": "0"
		}
	],
	"function": [],
	"globalMember": [],
	"globalFunction": [],
	"class": {
		"kind": "enum",
		"name": "ShaderTypeEnum",
		"memberof": "gd3d.render",
		"filename": "render\\resource\\shader.ts"
	}
}