{
	"member": [
		{
			"kind": "member",
			"type": "gd3d.render.glShader",
			"name": "fs",
			"memberof": "gd3d.render.glProgram",
			"scope": "instance"
		},
		{
			"kind": "member",
			"type": "{[id:string]:gd3d.render.uniform}",
			"name": "mapUniform",
			"memberof": "gd3d.render.glProgram",
			"scope": "instance",
			"description": "//unimapFloat4x4: { [id: string]: WebGLUniformLocation } = {};",
			"default": "{}"
		},
		{
			"kind": "member",
			"type": "number",
			"name": "posBlendIndex4",
			"memberof": "gd3d.render.glProgram",
			"scope": "instance",
			"default": "-1"
		},
		{
			"kind": "member",
			"type": "number",
			"name": "posBlendWeight4",
			"memberof": "gd3d.render.glProgram",
			"scope": "instance",
			"default": "-1"
		},
		{
			"kind": "member",
			"type": "number",
			"name": "posColor",
			"memberof": "gd3d.render.glProgram",
			"scope": "instance",
			"description": "//可以有双color",
			"default": "-1"
		},
		{
			"kind": "member",
			"type": "number",
			"name": "posColorEx",
			"memberof": "gd3d.render.glProgram",
			"scope": "instance",
			"default": "-1"
		},
		{
			"kind": "member",
			"type": "number",
			"name": "posNormal",
			"memberof": "gd3d.render.glProgram",
			"scope": "instance",
			"default": "-1"
		},
		{
			"kind": "member",
			"type": "number",
			"name": "posPos",
			"memberof": "gd3d.render.glProgram",
			"scope": "instance",
			"description": "//pos可以穷尽",
			"default": "-1"
		},
		{
			"kind": "member",
			"type": "number",
			"name": "posTangent",
			"memberof": "gd3d.render.glProgram",
			"scope": "instance",
			"default": "-1"
		},
		{
			"kind": "member",
			"type": "number",
			"name": "posUV0",
			"memberof": "gd3d.render.glProgram",
			"scope": "instance",
			"default": "-1"
		},
		{
			"kind": "member",
			"type": "number",
			"name": "posUV2",
			"memberof": "gd3d.render.glProgram",
			"scope": "instance",
			"default": "-1"
		},
		{
			"kind": "member",
			"type": "WebGLProgram",
			"name": "program",
			"memberof": "gd3d.render.glProgram",
			"scope": "instance"
		},
		{
			"kind": "member",
			"type": "gd3d.render.glShader",
			"name": "vs",
			"memberof": "gd3d.render.glProgram",
			"scope": "instance",
			"description": "//fs: WebGLShader;"
		}
	],
	"function": [
		{
			"kind": "function",
			"name": "glProgram",
			"memberof": "gd3d.render.glProgram",
			"scope": "instance",
			"params": [
				{
					"name": "vs",
					"type": "gd3d.render.glShader",
					"description": ""
				},
				{
					"name": "fs",
					"type": "gd3d.render.glShader",
					"description": ""
				},
				{
					"name": "program",
					"type": "WebGLProgram",
					"description": ""
				}
			]
		},
		{
			"kind": "function",
			"name": "initAttribute",
			"memberof": "gd3d.render.glProgram",
			"scope": "instance",
			"params": [
				{
					"name": "webgl",
					"type": "WebGLRenderingContext",
					"description": ""
				}
			]
		},
		{
			"kind": "function",
			"name": "use",
			"memberof": "gd3d.render.glProgram",
			"scope": "instance",
			"description": "//mapInfo: { [id: string]: { [id: string]: string } } = {};",
			"params": [
				{
					"name": "webgl",
					"type": "WebGLRenderingContext",
					"description": ""
				}
			]
		}
	],
	"globalMember": [],
	"globalFunction": [],
	"class": {
		"kind": "class",
		"name": "glProgram",
		"memberof": "gd3d.render",
		"filename": "render\\resource\\shader.ts"
	}
}