{
	"member": [
		{
			"kind": "member",
			"name": "floatRegexp",
			"memberof": "gd3d.framework.RegexpUtil",
			"scope": "static",
			"default": "/([_0-9a-zA-Z]+)[ ]*\\([ ]*'(.+)'[ ]*,[ ]*([0-9a-zA-Z]+)[ ]*\\)[ ]*=[ ]*([0-9.-]+)/"
		},
		{
			"kind": "member",
			"name": "rangeRegexp",
			"memberof": "gd3d.framework.RegexpUtil",
			"scope": "static",
			"default": "/([_0-9a-zA-Z]+)[ ]*\\([ ]*'(.+)'[ ]*,[ ]*([0-9a-zA-Z]+)[ ]*\\([ ]*([0-9.-]+)[ ]*,[ ]*([0-9.-]+)[ ]*\\)[ ]*\\)[ ]*=[ ]*([0-9.-]+)/"
		},
		{
			"kind": "member",
			"name": "textureRegexp",
			"memberof": "gd3d.framework.RegexpUtil",
			"scope": "static",
			"description": "//shader properties",
			"default": "/([_0-9a-zA-Z]+)[ ]*\\([ ]*'(.+)'[ ]*,[ ]*([0-9a-zA-Z]+)[ ]*\\)[ ]*=[ ]*'(.+)'[ ]*\\{[ ]*([a-zA-Z]*)[ ]*([a-zA-Z]*)[ ]*\\}/"
		},
		{
			"kind": "member",
			"name": "vector3FloatOrRangeRegexp",
			"memberof": "gd3d.framework.RegexpUtil",
			"scope": "static",
			"description": "//特效解析，[1,2],2,1",
			"default": "/([0-9.-]+|\\[[0-9.-]+,[0-9.-]+\\]),([0-9.-]+|\\[[0-9.-]+,[0-9.-]+\\]),([0-9.-]+|\\[[0-9.-]+,[0-9.-]+\\])/"
		},
		{
			"kind": "member",
			"name": "vector4Regexp",
			"memberof": "gd3d.framework.RegexpUtil",
			"scope": "static",
			"description": "//material",
			"default": "/\\([ ]*([0-9.-]+)[ ]*,[ ]*([0-9.-]+)[ ]*,[ ]*([0-9.-]+)[ ]*,[ ]*([0-9.-]+)[ ]*\\)/"
		},
		{
			"kind": "member",
			"name": "vectorRegexp",
			"memberof": "gd3d.framework.RegexpUtil",
			"scope": "static",
			"default": "/([_0-9a-zA-Z]+)[ ]*\\([ ]*'(.+)'[ ]*,[ ]*([0-9a-zA-Z]+)[ ]*\\)[ ]*=[ ]*\\([ ]*([0-9.-]+)[ ]*,[ ]*([0-9.-]+)[ ]*,[ ]*([0-9.-]+)[ ]*,[ ]*([0-9.-]+)[ ]*\\)/"
		}
	],
	"function": [],
	"globalMember": [],
	"globalFunction": [],
	"class": {
		"kind": "class",
		"name": "RegexpUtil",
		"memberof": "gd3d.framework",
		"filename": "framework\\util\\regexputil.ts"
	}
}