{
	"globalFunction": [
		{
			"filename": "io\\reflect.ts",
			"kind": "globalFunction",
			"name": "Field",
			"memberof": "gd3d.reflect",
			"scope": "instance",
			"description": "序列化修饰",
			"params": [
				{
					"name": "valueType",
					"type": "string",
					"description": ""
				},
				{
					"name": "defaultValue",
					"type": "any",
					"default": "undefined",
					"description": ""
				},
				{
					"name": "enumRealType",
					"type": "string",
					"default": "undefined",
					"description": ""
				}
			]
		},
		{
			"filename": "io\\reflect.ts",
			"kind": "globalFunction",
			"name": "SerializeType",
			"memberof": "gd3d.reflect",
			"scope": "instance",
			"description": "//nodeComponent是挂载的脚本，SerializeType是结构化的脚本（比如Vector3）",
			"params": [
				{
					"name": "constructorObj",
					"type": "any",
					"description": ""
				}
			]
		},
		{
			"filename": "io\\reflect.ts",
			"kind": "globalFunction",
			"name": "UIComment",
			"memberof": "gd3d.reflect",
			"scope": "instance",
			"description": "属性面板提示修饰",
			"params": [
				{
					"name": "comment",
					"type": "string",
					"description": ""
				}
			]
		},
		{
			"filename": "io\\reflect.ts",
			"kind": "globalFunction",
			"name": "UIStyle",
			"memberof": "gd3d.reflect",
			"scope": "instance",
			"description": "属性面板显示方式修饰",
			"params": [
				{
					"name": "style",
					"type": "string",
					"description": ""
				},
				{
					"name": "min",
					"question": true,
					"type": "number",
					"description": ""
				},
				{
					"name": "max",
					"question": true,
					"type": "number",
					"description": ""
				},
				{
					"name": "defvalue",
					"question": true,
					"type": "any",
					"description": ""
				}
			]
		},
		{
			"filename": "io\\reflect.ts",
			"kind": "globalFunction",
			"name": "attr_Class",
			"memberof": "gd3d.reflect",
			"scope": "instance",
			"params": [
				{
					"name": "constructorObj",
					"type": "any",
					"description": ""
				}
			]
		},
		{
			"filename": "io\\reflect.ts",
			"kind": "globalFunction",
			"name": "attr_Field",
			"memberof": "gd3d.reflect",
			"scope": "instance",
			"description": "//for 变量的修饰器，可以加参数",
			"params": [
				{
					"name": "customInfo",
					"type": "{[id:string]:string}",
					"default": "null",
					"description": ""
				}
			]
		},
		{
			"filename": "io\\reflect.ts",
			"kind": "globalFunction",
			"name": "attr_Func",
			"memberof": "gd3d.reflect",
			"scope": "instance",
			"description": "//for 函数的修饰器，可以加参数",
			"params": [
				{
					"name": "customInfo",
					"type": "{[id:string]:string}",
					"default": "null",
					"description": ""
				}
			]
		},
		{
			"filename": "io\\reflect.ts",
			"kind": "globalFunction",
			"name": "compCall",
			"memberof": "gd3d.reflect",
			"scope": "instance",
			"description": "///该函数为导出的函数",
			"params": [
				{
					"name": "customInfo",
					"type": "{[id:string]:string}",
					"default": "null",
					"description": ""
				}
			]
		},
		{
			"filename": "io\\reflect.ts",
			"kind": "globalFunction",
			"name": "compValue",
			"memberof": "gd3d.reflect",
			"scope": "instance",
			"description": "///defvalue 默认值",
			"params": [
				{
					"name": "integer",
					"type": "boolean",
					"default": "false",
					"description": ""
				},
				{
					"name": "defvalue",
					"type": "number",
					"default": "0",
					"description": ""
				},
				{
					"name": "min",
					"type": "number",
					"default": "Number.MIN_VALUE",
					"description": ""
				},
				{
					"name": "max",
					"type": "number",
					"default": "Number.MAX_VALUE",
					"description": ""
				}
			]
		},
		{
			"filename": "io\\reflect.ts",
			"kind": "globalFunction",
			"type": "any",
			"name": "createInstance",
			"memberof": "gd3d.reflect",
			"scope": "instance",
			"params": [
				{
					"name": "prototype",
					"type": "any",
					"description": ""
				},
				{
					"name": "matchTag",
					"type": "{[id:string]:string}",
					"description": ""
				}
			]
		},
		{
			"filename": "io\\reflect.ts",
			"kind": "globalFunction",
			"name": "editorCode",
			"memberof": "gd3d.reflect",
			"scope": "instance",
			"params": [
				{
					"name": "constructorObj",
					"type": "any",
					"description": ""
				}
			]
		},
		{
			"filename": "io\\reflect.ts",
			"kind": "globalFunction",
			"name": "getClassName",
			"memberof": "gd3d.reflect",
			"scope": "instance",
			"params": [
				{
					"name": "prototype",
					"type": "any",
					"description": ""
				}
			]
		},
		{
			"filename": "io\\reflect.ts",
			"kind": "globalFunction",
			"name": "getClassTag",
			"memberof": "gd3d.reflect",
			"scope": "instance",
			"params": [
				{
					"name": "prototype",
					"type": "any",
					"description": ""
				},
				{
					"name": "tag",
					"type": "string",
					"description": ""
				}
			]
		},
		{
			"filename": "io\\reflect.ts",
			"kind": "globalFunction",
			"type": "any",
			"name": "getMeta",
			"memberof": "gd3d.reflect",
			"scope": "instance",
			"params": [
				{
					"name": "prototype",
					"type": "any",
					"description": ""
				}
			]
		},
		{
			"filename": "io\\reflect.ts",
			"kind": "globalFunction",
			"name": "getPrototype",
			"memberof": "gd3d.reflect",
			"scope": "instance",
			"params": [
				{
					"name": "name",
					"type": "string",
					"description": ""
				}
			]
		},
		{
			"filename": "io\\reflect.ts",
			"kind": "globalFunction",
			"type": "{[id:string]:any}",
			"name": "getPrototypes",
			"memberof": "gd3d.reflect",
			"scope": "instance"
		},
		{
			"filename": "io\\reflect.ts",
			"kind": "globalFunction",
			"name": "node2DComponent",
			"memberof": "gd3d.reflect",
			"scope": "instance",
			"params": [
				{
					"name": "constructorObj",
					"type": "any",
					"description": ""
				}
			]
		},
		{
			"filename": "io\\reflect.ts",
			"kind": "globalFunction",
			"name": "nodeBoxCollider",
			"memberof": "gd3d.reflect",
			"scope": "instance",
			"params": [
				{
					"name": "constructorObj",
					"type": "any",
					"description": ""
				}
			]
		},
		{
			"filename": "io\\reflect.ts",
			"kind": "globalFunction",
			"name": "nodeCamera",
			"memberof": "gd3d.reflect",
			"scope": "instance",
			"params": [
				{
					"name": "constructorObj",
					"type": "any",
					"description": ""
				}
			]
		},
		{
			"filename": "io\\reflect.ts",
			"kind": "globalFunction",
			"name": "nodeCanvasRendererCollider",
			"memberof": "gd3d.reflect",
			"scope": "instance",
			"params": [
				{
					"name": "constructorObj",
					"type": "any",
					"description": ""
				}
			]
		},
		{
			"filename": "io\\reflect.ts",
			"kind": "globalFunction",
			"name": "nodeComponent",
			"memberof": "gd3d.reflect",
			"scope": "instance",
			"description": "//usercode 表示这是一个场景节点组件类，可以挂在场景节点上",
			"params": [
				{
					"name": "constructorObj",
					"type": "any",
					"description": ""
				}
			]
		},
		{
			"filename": "io\\reflect.ts",
			"kind": "globalFunction",
			"name": "nodeComponentInspector",
			"memberof": "gd3d.reflect",
			"scope": "instance",
			"params": [
				{
					"name": "constructorObj",
					"type": "any",
					"description": ""
				}
			]
		},
		{
			"filename": "io\\reflect.ts",
			"kind": "globalFunction",
			"name": "nodeEffectBatcher",
			"memberof": "gd3d.reflect",
			"scope": "instance",
			"params": [
				{
					"name": "constructorObj",
					"type": "any",
					"description": ""
				}
			]
		},
		{
			"filename": "io\\reflect.ts",
			"kind": "globalFunction",
			"name": "nodeLight",
			"memberof": "gd3d.reflect",
			"scope": "instance",
			"params": [
				{
					"name": "constructorObj",
					"type": "any",
					"description": ""
				}
			]
		},
		{
			"filename": "io\\reflect.ts",
			"kind": "globalFunction",
			"name": "nodeMeshCollider",
			"memberof": "gd3d.reflect",
			"scope": "instance",
			"params": [
				{
					"name": "constructorObj",
					"type": "any",
					"description": ""
				}
			]
		},
		{
			"filename": "io\\reflect.ts",
			"kind": "globalFunction",
			"name": "nodeRender",
			"memberof": "gd3d.reflect",
			"scope": "instance",
			"params": [
				{
					"name": "constructorObj",
					"type": "any",
					"description": ""
				}
			]
		},
		{
			"filename": "io\\reflect.ts",
			"kind": "globalFunction",
			"name": "nodeSphereCollider",
			"memberof": "gd3d.reflect",
			"scope": "instance",
			"params": [
				{
					"name": "constructorObj",
					"type": "any",
					"description": ""
				}
			]
		},
		{
			"filename": "io\\reflect.ts",
			"kind": "globalFunction",
			"name": "pluginExt",
			"memberof": "gd3d.reflect",
			"scope": "instance",
			"params": [
				{
					"name": "constructorObj",
					"type": "any",
					"description": ""
				}
			]
		},
		{
			"filename": "io\\reflect.ts",
			"kind": "globalFunction",
			"name": "pluginMenuItem",
			"memberof": "gd3d.reflect",
			"scope": "instance",
			"params": [
				{
					"name": "constructorObj",
					"type": "any",
					"description": ""
				}
			]
		},
		{
			"filename": "io\\reflect.ts",
			"kind": "globalFunction",
			"name": "pluginWindow",
			"memberof": "gd3d.reflect",
			"scope": "instance",
			"params": [
				{
					"name": "constructorObj",
					"type": "any",
					"description": ""
				}
			]
		},
		{
			"filename": "io\\reflect.ts",
			"kind": "globalFunction",
			"name": "selfClone",
			"memberof": "gd3d.reflect",
			"scope": "instance",
			"description": "//这个标记了clone时调用实例自己的clone函数",
			"params": [
				{
					"name": "constructorObj",
					"type": "any",
					"description": ""
				}
			]
		},
		{
			"filename": "io\\reflect.ts",
			"kind": "globalFunction",
			"name": "userCode",
			"memberof": "gd3d.reflect",
			"scope": "instance",
			"description": "///上面幾個是通用的",
			"params": [
				{
					"name": "constructorObj",
					"type": "any",
					"description": ""
				}
			]
		}
	]
}