{
	"member": [
		{
			"kind": "member",
			"name": "COMPONENT_BOXCOLLIDER",
			"memberof": "gd3d.framework.StringUtil",
			"scope": "static",
			"default": "\"boxcollider\""
		},
		{
			"kind": "member",
			"name": "COMPONENT_BUTTON",
			"memberof": "gd3d.framework.StringUtil",
			"scope": "static",
			"default": "\"button\""
		},
		{
			"kind": "member",
			"name": "COMPONENT_CAMERA",
			"memberof": "gd3d.framework.StringUtil",
			"scope": "static",
			"default": "\"camera\""
		},
		{
			"kind": "member",
			"name": "COMPONENT_CAMERACONTROLLER",
			"memberof": "gd3d.framework.StringUtil",
			"scope": "static",
			"default": "\"cameraController\""
		},
		{
			"kind": "member",
			"name": "COMPONENT_CANVASRENDER",
			"memberof": "gd3d.framework.StringUtil",
			"scope": "static",
			"default": "\"canvasRenderer\""
		},
		{
			"kind": "member",
			"name": "COMPONENT_EFFECTSYSTEM",
			"memberof": "gd3d.framework.StringUtil",
			"scope": "static",
			"default": "\"effectSystem\""
		},
		{
			"kind": "member",
			"name": "COMPONENT_IMAGE",
			"memberof": "gd3d.framework.StringUtil",
			"scope": "static",
			"default": "\"image2D\""
		},
		{
			"kind": "member",
			"name": "COMPONENT_LABEL",
			"memberof": "gd3d.framework.StringUtil",
			"scope": "static",
			"default": "\"label\""
		},
		{
			"kind": "member",
			"name": "COMPONENT_LIGHT",
			"memberof": "gd3d.framework.StringUtil",
			"scope": "static",
			"default": "\"light\""
		},
		{
			"kind": "member",
			"name": "COMPONENT_MESHFILTER",
			"memberof": "gd3d.framework.StringUtil",
			"scope": "static",
			"default": "\"meshFilter\""
		},
		{
			"kind": "member",
			"name": "COMPONENT_MESHRENDER",
			"memberof": "gd3d.framework.StringUtil",
			"scope": "static",
			"default": "\"meshRenderer\""
		},
		{
			"kind": "member",
			"name": "COMPONENT_RAWIMAGE",
			"memberof": "gd3d.framework.StringUtil",
			"scope": "static",
			"default": "\"rawImage2D\""
		},
		{
			"kind": "member",
			"name": "COMPONENT_SKINMESHRENDER",
			"memberof": "gd3d.framework.StringUtil",
			"scope": "static",
			"default": "\"skinnedMeshRenderer\""
		},
		{
			"kind": "member",
			"name": "RESOURCES_MESH_CUBE",
			"memberof": "gd3d.framework.StringUtil",
			"scope": "static",
			"default": "\"cube\""
		},
		{
			"kind": "member",
			"name": "UIStyle_Enum",
			"memberof": "gd3d.framework.StringUtil",
			"scope": "static",
			"default": "\"enum\""
		},
		{
			"kind": "member",
			"name": "UIStyle_RangeFloat",
			"memberof": "gd3d.framework.StringUtil",
			"scope": "static",
			"default": "\"rangeFloat\""
		}
	],
	"function": [
		{
			"kind": "function",
			"name": "firstCharToLowerCase",
			"memberof": "gd3d.framework.StringUtil",
			"scope": "static",
			"params": [
				{
					"name": "str",
					"type": "string",
					"description": ""
				}
			]
		},
		{
			"kind": "function",
			"name": "replaceAll",
			"memberof": "gd3d.framework.StringUtil",
			"scope": "static",
			"params": [
				{
					"name": "srcStr",
					"type": "string",
					"description": ""
				},
				{
					"name": "fromStr",
					"type": "string",
					"description": ""
				},
				{
					"name": "toStr",
					"type": "string",
					"description": ""
				}
			]
		},
		{
			"kind": "function",
			"name": "trimAll",
			"memberof": "gd3d.framework.StringUtil",
			"scope": "static",
			"params": [
				{
					"name": "str",
					"type": "string",
					"description": ""
				}
			]
		}
	],
	"globalMember": [],
	"globalFunction": [],
	"class": {
		"kind": "class",
		"name": "StringUtil",
		"memberof": "gd3d.framework",
		"filename": "framework\\util\\stringutil.ts"
	}
}