{
	"member": [
		{
			"kind": "member",
			"type": "string",
			"name": "assetbundle",
			"memberof": "gd3d.framework.rawscene",
			"scope": "instance",
			"description": "//prefab依赖的AssetBundle",
			"default": "null"
		},
		{
			"kind": "member",
			"type": "boolean",
			"name": "defaultAsset",
			"memberof": "gd3d.framework.rawscene",
			"scope": "instance",
			"default": "false"
		},
		{
			"kind": "member",
			"type": "gd3d.framework.Fog",
			"name": "fog",
			"memberof": "gd3d.framework.rawscene",
			"scope": "instance"
		}
	],
	"function": [
		{
			"kind": "function",
			"name": "rawscene",
			"memberof": "gd3d.framework.rawscene",
			"scope": "instance",
			"params": [
				{
					"name": "assetName",
					"type": "string",
					"default": "null",
					"description": ""
				}
			]
		},
		{
			"kind": "function",
			"name": "Parse",
			"memberof": "gd3d.framework.rawscene",
			"scope": "instance",
			"params": [
				{
					"name": "txt",
					"type": "string",
					"description": ""
				},
				{
					"name": "assetmgr",
					"type": "gd3d.framework.assetMgr",
					"description": ""
				}
			]
		},
		{
			"kind": "function",
			"type": "number",
			"name": "caclByteLength",
			"memberof": "gd3d.framework.rawscene",
			"scope": "instance"
		},
		{
			"kind": "function",
			"name": "dispose",
			"memberof": "gd3d.framework.rawscene",
			"scope": "instance"
		},
		{
			"kind": "function",
			"type": "number",
			"name": "getGUID",
			"memberof": "gd3d.framework.rawscene",
			"scope": "instance"
		},
		{
			"kind": "function",
			"type": "string",
			"name": "getName",
			"memberof": "gd3d.framework.rawscene",
			"scope": "instance"
		},
		{
			"kind": "function",
			"type": "gd3d.framework.transform",
			"name": "getSceneRoot",
			"memberof": "gd3d.framework.rawscene",
			"scope": "instance"
		},
		{
			"kind": "function",
			"name": "unuse",
			"memberof": "gd3d.framework.rawscene",
			"scope": "instance",
			"params": [
				{
					"name": "disposeNow",
					"type": "boolean",
					"default": "false",
					"description": ""
				}
			]
		},
		{
			"kind": "function",
			"name": "use",
			"memberof": "gd3d.framework.rawscene",
			"scope": "instance"
		},
		{
			"kind": "function",
			"name": "useFog",
			"memberof": "gd3d.framework.rawscene",
			"scope": "instance",
			"params": [
				{
					"name": "scene",
					"type": "gd3d.framework.scene",
					"description": ""
				}
			]
		},
		{
			"kind": "function",
			"name": "useLightMap",
			"memberof": "gd3d.framework.rawscene",
			"scope": "instance",
			"params": [
				{
					"name": "scene",
					"type": "gd3d.framework.scene",
					"description": ""
				}
			]
		}
	],
	"globalMember": [],
	"globalFunction": [],
	"class": {
		"kind": "class",
		"name": "rawscene",
		"memberof": "gd3d.framework",
		"filename": "framework\\asset\\resource\\rawscene.ts",
		"implements": [
			{
				"name": "gd3d.framework.IAsset"
			}
		]
	}
}