{
	"member": [
		{
			"kind": "member",
			"type": "gd3d.render.TextureFormatEnum",
			"name": "format",
			"memberof": "gd3d.render.WriteableTexture2D",
			"scope": "instance"
		},
		{
			"kind": "member",
			"type": "number",
			"name": "formatGL",
			"memberof": "gd3d.render.WriteableTexture2D",
			"scope": "instance"
		},
		{
			"kind": "member",
			"type": "number",
			"name": "height",
			"memberof": "gd3d.render.WriteableTexture2D",
			"scope": "instance",
			"default": "0"
		},
		{
			"kind": "member",
			"type": "boolean",
			"name": "linear",
			"memberof": "gd3d.render.WriteableTexture2D",
			"scope": "instance"
		},
		{
			"kind": "member",
			"type": "boolean",
			"name": "mirroredU",
			"memberof": "gd3d.render.WriteableTexture2D",
			"scope": "instance",
			"default": "false"
		},
		{
			"kind": "member",
			"type": "boolean",
			"name": "mirroredV",
			"memberof": "gd3d.render.WriteableTexture2D",
			"scope": "instance",
			"default": "false"
		},
		{
			"kind": "member",
			"type": "boolean",
			"name": "premultiply",
			"memberof": "gd3d.render.WriteableTexture2D",
			"scope": "instance",
			"default": "true"
		},
		{
			"kind": "member",
			"type": "boolean",
			"name": "repeat",
			"memberof": "gd3d.render.WriteableTexture2D",
			"scope": "instance",
			"default": "false"
		},
		{
			"kind": "member",
			"type": "WebGLTexture",
			"name": "texture",
			"memberof": "gd3d.render.WriteableTexture2D",
			"scope": "instance"
		},
		{
			"kind": "member",
			"type": "WebGLRenderingContext",
			"name": "webgl",
			"memberof": "gd3d.render.WriteableTexture2D",
			"scope": "instance"
		},
		{
			"kind": "member",
			"type": "number",
			"name": "width",
			"memberof": "gd3d.render.WriteableTexture2D",
			"scope": "instance",
			"default": "0"
		}
	],
	"function": [
		{
			"kind": "function",
			"name": "WriteableTexture2D",
			"memberof": "gd3d.render.WriteableTexture2D",
			"scope": "instance",
			"params": [
				{
					"name": "webgl",
					"type": "WebGLRenderingContext",
					"description": ""
				},
				{
					"name": "format",
					"type": "gd3d.render.TextureFormatEnum",
					"default": "TextureFormatEnum.RGBA",
					"description": ""
				},
				{
					"name": "width",
					"type": "number",
					"description": ""
				},
				{
					"name": "height",
					"type": "number",
					"description": ""
				},
				{
					"name": "linear",
					"type": "boolean",
					"description": ""
				},
				{
					"name": "premultiply",
					"type": "boolean",
					"default": "true",
					"description": ""
				},
				{
					"name": "repeat",
					"type": "boolean",
					"default": "false",
					"description": ""
				},
				{
					"name": "mirroredU",
					"type": "boolean",
					"default": "false",
					"description": ""
				},
				{
					"name": "mirroredV",
					"type": "boolean",
					"default": "false",
					"description": ""
				}
			]
		},
		{
			"kind": "function",
			"type": "number",
			"name": "caclByteLength",
			"memberof": "gd3d.render.WriteableTexture2D",
			"scope": "instance"
		},
		{
			"kind": "function",
			"name": "dispose",
			"memberof": "gd3d.render.WriteableTexture2D",
			"scope": "instance",
			"params": [
				{
					"name": "webgl",
					"type": "WebGLRenderingContext",
					"description": ""
				}
			]
		},
		{
			"kind": "function",
			"type": "boolean",
			"name": "isFrameBuffer",
			"memberof": "gd3d.render.WriteableTexture2D",
			"scope": "instance"
		},
		{
			"kind": "function",
			"name": "updateRect",
			"memberof": "gd3d.render.WriteableTexture2D",
			"scope": "instance",
			"params": [
				{
					"name": "data",
					"type": "Uint8Array",
					"description": ""
				},
				{
					"name": "x",
					"type": "number",
					"description": ""
				},
				{
					"name": "y",
					"type": "number",
					"description": ""
				},
				{
					"name": "width",
					"type": "number",
					"description": ""
				},
				{
					"name": "height",
					"type": "number",
					"description": ""
				}
			]
		},
		{
			"kind": "function",
			"name": "updateRectImg",
			"memberof": "gd3d.render.WriteableTexture2D",
			"scope": "instance",
			"params": [
				{
					"name": "data",
					"type": "ImageData|HTMLVideoElement|HTMLImageElement|HTMLCanvasElement",
					"description": ""
				},
				{
					"name": "x",
					"type": "number",
					"description": ""
				},
				{
					"name": "y",
					"type": "number",
					"description": ""
				}
			]
		}
	],
	"globalMember": [],
	"globalFunction": [],
	"class": {
		"kind": "class",
		"name": "WriteableTexture2D",
		"memberof": "gd3d.render",
		"filename": "render\\resource\\texture.ts",
		"implements": [
			{
				"name": "gd3d.render.ITexture"
			}
		]
	}
}