{"__class__":"gd3d.framework.ParticleSystem","main":{"__class__":"gd3d.framework.ParticleMainModule","duration":1.0,"loop":true,"prewarm":false,"startDelay":{"__class__":"gd3d.framework.MinMaxCurve","constant":0.0,"constantMax":0.0,"constantMin":0.0,"curve":{"__class__":"gd3d.framework.AnimationCurve1","postWrapMode":0,"preWrapMode":0,"keys":[]},"curveMax":{"__class__":"gd3d.framework.AnimationCurve1","postWrapMode":0,"preWrapMode":0,"keys":[]},"curveMin":{"__class__":"gd3d.framework.AnimationCurve1","postWrapMode":0,"preWrapMode":0,"keys":[]},"curveMultiplier":0.0,"mode":0},"startLifetime":{"__class__":"gd3d.framework.MinMaxCurve","constant":0.4000000059604645,"constantMax":0.4000000059604645,"constantMin":0.30000001192092898,"curve":{"__class__":"gd3d.framework.AnimationCurve1","postWrapMode":0,"preWrapMode":0,"keys":[]},"curveMax":{"__class__":"gd3d.framework.AnimationCurve1","postWrapMode":0,"preWrapMode":0,"keys":[]},"curveMin":{"__class__":"gd3d.framework.AnimationCurve1","postWrapMode":0,"preWrapMode":0,"keys":[]},"curveMultiplier":0.0,"mode":3},"startSpeed":{"__class__":"gd3d.framework.MinMaxCurve","constant":18.0,"constantMax":18.0,"constantMin":0.0,"curve":{"__class__":"gd3d.framework.AnimationCurve1","postWrapMode":0,"preWrapMode":0,"keys":[]},"curveMax":{"__class__":"gd3d.framework.AnimationCurve1","postWrapMode":0,"preWrapMode":0,"keys":[]},"curveMin":{"__class__":"gd3d.framework.AnimationCurve1","postWrapMode":0,"preWrapMode":0,"keys":[]},"curveMultiplier":0.0,"mode":0},"useStartSize3D":false,"useStartRotation3D":false,"startSize":{"__class__":"gd3d.framework.MinMaxCurve","constant":4.0,"constantMax":4.0,"constantMin":2.5,"curve":{"__class__":"gd3d.framework.AnimationCurve1","postWrapMode":0,"preWrapMode":0,"keys":[]},"curveMax":{"__class__":"gd3d.framework.AnimationCurve1","postWrapMode":0,"preWrapMode":0,"keys":[]},"curveMin":{"__class__":"gd3d.framework.AnimationCurve1","postWrapMode":0,"preWrapMode":0,"keys":[]},"curveMultiplier":0.0,"mode":3},"startSizeX":{"__class__":"gd3d.framework.MinMaxCurve","constant":4.0,"constantMax":4.0,"constantMin":2.5,"curve":{"__class__":"gd3d.framework.AnimationCurve1","postWrapMode":0,"preWrapMode":0,"keys":[]},"curveMax":{"__class__":"gd3d.framework.AnimationCurve1","postWrapMode":0,"preWrapMode":0,"keys":[]},"curveMin":{"__class__":"gd3d.framework.AnimationCurve1","postWrapMode":0,"preWrapMode":0,"keys":[]},"curveMultiplier":0.0,"mode":3},"startSizeY":{"__class__":"gd3d.framework.MinMaxCurve","constant":1.0,"constantMax":1.0,"constantMin":1.0,"curve":{"__class__":"gd3d.framework.AnimationCurve1","postWrapMode":0,"preWrapMode":0,"keys":[]},"curveMax":{"__class__":"gd3d.framework.AnimationCurve1","postWrapMode":0,"preWrapMode":0,"keys":[]},"curveMin":{"__class__":"gd3d.framework.AnimationCurve1","postWrapMode":0,"preWrapMode":0,"keys":[]},"curveMultiplier":0.0,"mode":3},"startSizeZ":{"__class__":"gd3d.framework.MinMaxCurve","constant":1.0,"constantMax":1.0,"constantMin":1.0,"curve":{"__class__":"gd3d.framework.AnimationCurve1","postWrapMode":0,"preWrapMode":0,"keys":[]},"curveMax":{"__class__":"gd3d.framework.AnimationCurve1","postWrapMode":0,"preWrapMode":0,"keys":[]},"curveMin":{"__class__":"gd3d.framework.AnimationCurve1","postWrapMode":0,"preWrapMode":0,"keys":[]},"curveMultiplier":0.0,"mode":3},"gravityModifier":{"__class__":"gd3d.framework.MinMaxCurve","constant":0.0,"constantMax":0.0,"constantMin":0.0,"curve":{"__class__":"gd3d.framework.AnimationCurve1","postWrapMode":0,"preWrapMode":0,"keys":[]},"curveMax":{"__class__":"gd3d.framework.AnimationCurve1","postWrapMode":0,"preWrapMode":0,"keys":[]},"curveMin":{"__class__":"gd3d.framework.AnimationCurve1","postWrapMode":0,"preWrapMode":0,"keys":[]},"curveMultiplier":0.0,"mode":0},"maxParticles":1000,"playOnAwake":true,"randomizeRotationDirection":0.0,"scalingMode":1,"simulationSpace":1,"simulationSpeed":1.0,"startColor":{"__class__":"gd3d.framework.MinMaxGradient","color":{"__class__":"gd3d.math.color","r":1.0,"g":1.0,"b":1.0,"a":1.0},"colorMax":{"__class__":"gd3d.math.color","r":1.0,"g":1.0,"b":1.0,"a":1.0},"colorMin":{"__class__":"gd3d.math.color","r":0.0,"g":0.0,"b":0.0,"a":0.0},"gradient":{"__class__":"gd3d.framework.Gradient","mode":0,"alphaKeys":[],"colorKeys":[]},"gradientMax":{"__class__":"gd3d.framework.Gradient","mode":0,"alphaKeys":[],"colorKeys":[]},"gradientMin":{"__class__":"gd3d.framework.Gradient","mode":0,"alphaKeys":[],"colorKeys":[]},"mode":0},"startRotation":{"__class__":"gd3d.framework.MinMaxCurve","constant":0.0,"constantMax":0.0,"constantMin":0.0,"curve":{"__class__":"gd3d.framework.AnimationCurve1","postWrapMode":0,"preWrapMode":0,"keys":[]},"curveMax":{"__class__":"gd3d.framework.AnimationCurve1","postWrapMode":0,"preWrapMode":0,"keys":[]},"curveMin":{"__class__":"gd3d.framework.AnimationCurve1","postWrapMode":0,"preWrapMode":0,"keys":[]},"curveMultiplier":0.0,"mode":0},"startRotationX":{"__class__":"gd3d.framework.MinMaxCurve","constant":0.0,"constantMax":0.0,"constantMin":0.0,"curve":{"__class__":"gd3d.framework.AnimationCurve1","postWrapMode":0,"preWrapMode":0,"keys":[]},"curveMax":{"__class__":"gd3d.framework.AnimationCurve1","postWrapMode":0,"preWrapMode":0,"keys":[]},"curveMin":{"__class__":"gd3d.framework.AnimationCurve1","postWrapMode":0,"preWrapMode":0,"keys":[]},"curveMultiplier":0.0,"mode":0},"startRotationY":{"__class__":"gd3d.framework.MinMaxCurve","constant":0.0,"constantMax":0.0,"constantMin":0.0,"curve":{"__class__":"gd3d.framework.AnimationCurve1","postWrapMode":0,"preWrapMode":0,"keys":[]},"curveMax":{"__class__":"gd3d.framework.AnimationCurve1","postWrapMode":0,"preWrapMode":0,"keys":[]},"curveMin":{"__class__":"gd3d.framework.AnimationCurve1","postWrapMode":0,"preWrapMode":0,"keys":[]},"curveMultiplier":0.0,"mode":0},"startRotationZ":{"__class__":"gd3d.framework.MinMaxCurve","constant":0.0,"constantMax":0.0,"constantMin":0.0,"curve":{"__class__":"gd3d.framework.AnimationCurve1","postWrapMode":0,"preWrapMode":0,"keys":[]},"curveMax":{"__class__":"gd3d.framework.AnimationCurve1","postWrapMode":0,"preWrapMode":0,"keys":[]},"curveMin":{"__class__":"gd3d.framework.AnimationCurve1","postWrapMode":0,"preWrapMode":0,"keys":[]},"curveMultiplier":0.0,"mode":0}},"emission":{"__class__":"gd3d.framework.ParticleEmissionModule","enabled":true,"rateOverDistance":{"__class__":"gd3d.framework.MinMaxCurve","constant":1.5,"constantMax":1.5,"constantMin":0.0,"curve":{"__class__":"gd3d.framework.AnimationCurve1","postWrapMode":0,"preWrapMode":0,"keys":[]},"curveMax":{"__class__":"gd3d.framework.AnimationCurve1","postWrapMode":0,"preWrapMode":0,"keys":[]},"curveMin":{"__class__":"gd3d.framework.AnimationCurve1","postWrapMode":0,"preWrapMode":0,"keys":[]},"curveMultiplier":0.0,"mode":0},"rateOverTime":{"__class__":"gd3d.framework.MinMaxCurve","constant":0.0,"constantMax":0.0,"constantMin":0.0,"curve":{"__class__":"gd3d.framework.AnimationCurve1","postWrapMode":0,"preWrapMode":0,"keys":[]},"curveMax":{"__class__":"gd3d.framework.AnimationCurve1","postWrapMode":0,"preWrapMode":0,"keys":[]},"curveMin":{"__class__":"gd3d.framework.AnimationCurve1","postWrapMode":0,"preWrapMode":0,"keys":[]},"curveMultiplier":0.0,"mode":0},"bursts":[]},"shape":{"__class__":"gd3d.framework.ParticleShapeModule","alignToDirection":false,"angle":25.0,"arc":360.0,"arcMode":0,"arcSpeed":{"__class__":"gd3d.framework.MinMaxCurve","constant":1.0,"constantMax":1.0,"constantMin":0.0,"curve":{"__class__":"gd3d.framework.AnimationCurve1","postWrapMode":0,"preWrapMode":0,"keys":[]},"curveMax":{"__class__":"gd3d.framework.AnimationCurve1","postWrapMode":0,"preWrapMode":0,"keys":[]},"curveMin":{"__class__":"gd3d.framework.AnimationCurve1","postWrapMode":0,"preWrapMode":0,"keys":[]},"curveMultiplier":0.0,"mode":0},"arcSpread":0.0,"box":{"__class__":"gd3d.math.vector3","x":1.0,"y":1.0,"z":1.0},"enabled":true,"length":5.0,"radius":0.36000001430511477,"radiusMode":0,"radiusSpeed":{"__class__":"gd3d.framework.MinMaxCurve","constant":1.0,"constantMax":1.0,"constantMin":0.0,"curve":{"__class__":"gd3d.framework.AnimationCurve1","postWrapMode":0,"preWrapMode":0,"keys":[]},"curveMax":{"__class__":"gd3d.framework.AnimationCurve1","postWrapMode":0,"preWrapMode":0,"keys":[]},"curveMin":{"__class__":"gd3d.framework.AnimationCurve1","postWrapMode":0,"preWrapMode":0,"keys":[]},"curveMultiplier":0.0,"mode":0},"radiusSpread":0.0,"randomDirectionAmount":0.0,"shapeType":10,"sphericalDirectionAmount":0.0},"velocityOverLifetime":{"__class__":"gd3d.framework.ParticleVelocityOverLifetimeModule","enabled":false,"space":0,"x":{"__class__":"gd3d.framework.MinMaxCurve","constant":0.0,"constantMax":0.0,"constantMin":0.0,"curve":{"__class__":"gd3d.framework.AnimationCurve1","postWrapMode":0,"preWrapMode":0,"keys":[]},"curveMax":{"__class__":"gd3d.framework.AnimationCurve1","postWrapMode":0,"preWrapMode":0,"keys":[]},"curveMin":{"__class__":"gd3d.framework.AnimationCurve1","postWrapMode":0,"preWrapMode":0,"keys":[]},"curveMultiplier":0.0,"mode":0},"y":{"__class__":"gd3d.framework.MinMaxCurve","constant":0.0,"constantMax":0.0,"constantMin":0.0,"curve":{"__class__":"gd3d.framework.AnimationCurve1","postWrapMode":0,"preWrapMode":0,"keys":[]},"curveMax":{"__class__":"gd3d.framework.AnimationCurve1","postWrapMode":0,"preWrapMode":0,"keys":[]},"curveMin":{"__class__":"gd3d.framework.AnimationCurve1","postWrapMode":0,"preWrapMode":0,"keys":[]},"curveMultiplier":0.0,"mode":0},"z":{"__class__":"gd3d.framework.MinMaxCurve","constant":0.0,"constantMax":0.0,"constantMin":0.0,"curve":{"__class__":"gd3d.framework.AnimationCurve1","postWrapMode":0,"preWrapMode":0,"keys":[]},"curveMax":{"__class__":"gd3d.framework.AnimationCurve1","postWrapMode":0,"preWrapMode":0,"keys":[]},"curveMin":{"__class__":"gd3d.framework.AnimationCurve1","postWrapMode":0,"preWrapMode":0,"keys":[]},"curveMultiplier":0.0,"mode":0}},"limitVelocityOverLifetime":{"__class__":"gd3d.framework.ParticleLimitVelocityOverLifetimeModule","dampen":1.0,"enabled":false,"limit":{"__class__":"gd3d.framework.MinMaxCurve","constant":1.0,"constantMax":1.0,"constantMin":0.0,"curve":{"__class__":"gd3d.framework.AnimationCurve1","postWrapMode":0,"preWrapMode":0,"keys":[]},"curveMax":{"__class__":"gd3d.framework.AnimationCurve1","postWrapMode":0,"preWrapMode":0,"keys":[]},"curveMin":{"__class__":"gd3d.framework.AnimationCurve1","postWrapMode":0,"preWrapMode":0,"keys":[]},"curveMultiplier":0.0,"mode":0},"limitX":{"__class__":"gd3d.framework.MinMaxCurve","constant":1.0,"constantMax":1.0,"constantMin":0.0,"curve":{"__class__":"gd3d.framework.AnimationCurve1","postWrapMode":0,"preWrapMode":0,"keys":[]},"curveMax":{"__class__":"gd3d.framework.AnimationCurve1","postWrapMode":0,"preWrapMode":0,"keys":[]},"curveMin":{"__class__":"gd3d.framework.AnimationCurve1","postWrapMode":0,"preWrapMode":0,"keys":[]},"curveMultiplier":0.0,"mode":0},"limitY":{"__class__":"gd3d.framework.MinMaxCurve","constant":1.0,"constantMax":1.0,"constantMin":0.0,"curve":{"__class__":"gd3d.framework.AnimationCurve1","postWrapMode":0,"preWrapMode":0,"keys":[]},"curveMax":{"__class__":"gd3d.framework.AnimationCurve1","postWrapMode":0,"preWrapMode":0,"keys":[]},"curveMin":{"__class__":"gd3d.framework.AnimationCurve1","postWrapMode":0,"preWrapMode":0,"keys":[]},"curveMultiplier":0.0,"mode":0},"limitZ":{"__class__":"gd3d.framework.MinMaxCurve","constant":1.0,"constantMax":1.0,"constantMin":0.0,"curve":{"__class__":"gd3d.framework.AnimationCurve1","postWrapMode":0,"preWrapMode":0,"keys":[]},"curveMax":{"__class__":"gd3d.framework.AnimationCurve1","postWrapMode":0,"preWrapMode":0,"keys":[]},"curveMin":{"__class__":"gd3d.framework.AnimationCurve1","postWrapMode":0,"preWrapMode":0,"keys":[]},"curveMultiplier":0.0,"mode":0},"separateAxes":false,"space":0},"inheritVelocity":{"__class__":"gd3d.framework.ParticleInheritVelocityModule","enabled":false,"curve":{"__class__":"gd3d.framework.MinMaxCurve","constant":0.0,"constantMax":0.0,"constantMin":0.0,"curve":{"__class__":"gd3d.framework.AnimationCurve1","postWrapMode":0,"preWrapMode":0,"keys":[]},"curveMax":{"__class__":"gd3d.framework.AnimationCurve1","postWrapMode":0,"preWrapMode":0,"keys":[]},"curveMin":{"__class__":"gd3d.framework.AnimationCurve1","postWrapMode":0,"preWrapMode":0,"keys":[]},"curveMultiplier":0.0,"mode":0},"mode":0},"forceOverLifetime":{"enabled":false,"randomized":false,"space":0,"x":{"__class__":"gd3d.framework.MinMaxCurve","constant":0.0,"constantMax":0.0,"constantMin":0.0,"curve":{"__class__":"gd3d.framework.AnimationCurve1","postWrapMode":0,"preWrapMode":0,"keys":[]},"curveMax":{"__class__":"gd3d.framework.AnimationCurve1","postWrapMode":0,"preWrapMode":0,"keys":[]},"curveMin":{"__class__":"gd3d.framework.AnimationCurve1","postWrapMode":0,"preWrapMode":0,"keys":[]},"curveMultiplier":0.0,"mode":0},"y":{"__class__":"gd3d.framework.MinMaxCurve","constant":0.0,"constantMax":0.0,"constantMin":0.0,"curve":{"__class__":"gd3d.framework.AnimationCurve1","postWrapMode":0,"preWrapMode":0,"keys":[]},"curveMax":{"__class__":"gd3d.framework.AnimationCurve1","postWrapMode":0,"preWrapMode":0,"keys":[]},"curveMin":{"__class__":"gd3d.framework.AnimationCurve1","postWrapMode":0,"preWrapMode":0,"keys":[]},"curveMultiplier":0.0,"mode":0},"z":{"__class__":"gd3d.framework.MinMaxCurve","constant":0.0,"constantMax":0.0,"constantMin":0.0,"curve":{"__class__":"gd3d.framework.AnimationCurve1","postWrapMode":0,"preWrapMode":0,"keys":[]},"curveMax":{"__class__":"gd3d.framework.AnimationCurve1","postWrapMode":0,"preWrapMode":0,"keys":[]},"curveMin":{"__class__":"gd3d.framework.AnimationCurve1","postWrapMode":0,"preWrapMode":0,"keys":[]},"curveMultiplier":0.0,"mode":0}},"colorOverLifetime":{"color":{"__class__":"gd3d.framework.MinMaxGradient","color":{"__class__":"gd3d.math.color","r":0.0,"g":0.0,"b":0.0,"a":0.0},"colorMax":{"__class__":"gd3d.math.color","r":0.0,"g":0.0,"b":0.0,"a":0.0},"colorMin":{"__class__":"gd3d.math.color","r":0.0,"g":0.0,"b":0.0,"a":0.0},"gradient":{"__class__":"gd3d.framework.Gradient","mode":0,"alphaKeys":[{"alpha":1.0,"time":0.0},{"alpha":1.0,"time":1.0}],"colorKeys":[{"color":{"__class__":"gd3d.math.color","r":1.0,"g":1.0,"b":1.0},"time":0.0},{"color":{"__class__":"gd3d.math.color","r":1.0,"g":1.0,"b":1.0},"time":1.0}]},"gradientMax":{"__class__":"gd3d.framework.Gradient","mode":0,"alphaKeys":[{"alpha":1.0,"time":0.0},{"alpha":1.0,"time":1.0}],"colorKeys":[{"color":{"__class__":"gd3d.math.color","r":1.0,"g":1.0,"b":1.0},"time":0.0},{"color":{"__class__":"gd3d.math.color","r":1.0,"g":1.0,"b":1.0},"time":1.0}]},"gradientMin":{"__class__":"gd3d.framework.Gradient","mode":0,"alphaKeys":[],"colorKeys":[]},"mode":1},"enabled":false},"colorBySpeed":{"color":{"__class__":"gd3d.framework.MinMaxGradient","color":{"__class__":"gd3d.math.color","r":0.0,"g":0.0,"b":0.0,"a":0.0},"colorMax":{"__class__":"gd3d.math.color","r":0.0,"g":0.0,"b":0.0,"a":0.0},"colorMin":{"__class__":"gd3d.math.color","r":0.0,"g":0.0,"b":0.0,"a":0.0},"gradient":{"__class__":"gd3d.framework.Gradient","mode":0,"alphaKeys":[{"alpha":1.0,"time":0.0},{"alpha":1.0,"time":1.0}],"colorKeys":[{"color":{"__class__":"gd3d.math.color","r":1.0,"g":1.0,"b":1.0},"time":0.0},{"color":{"__class__":"gd3d.math.color","r":1.0,"g":1.0,"b":1.0},"time":1.0}]},"gradientMax":{"__class__":"gd3d.framework.Gradient","mode":0,"alphaKeys":[{"alpha":1.0,"time":0.0},{"alpha":1.0,"time":1.0}],"colorKeys":[{"color":{"__class__":"gd3d.math.color","r":1.0,"g":1.0,"b":1.0},"time":0.0},{"color":{"__class__":"gd3d.math.color","r":1.0,"g":1.0,"b":1.0},"time":1.0}]},"gradientMin":{"__class__":"gd3d.framework.Gradient","mode":0,"alphaKeys":[],"colorKeys":[]},"mode":1},"enabled":false,"range":{"x":0.0,"y":1.0}},"sizeOverLifetime":{"enabled":true,"separateAxes":false,"size":{"__class__":"gd3d.framework.MinMaxCurve","constant":0.0,"constantMax":0.0,"constantMin":0.0,"curve":{"__class__":"gd3d.framework.AnimationCurve1","postWrapMode":8,"preWrapMode":8,"keys":[{"inTangent":1.2235294580459595,"outTangent":1.2235294580459595,"time":0.0,"value":0.0},{"inTangent":-0.10553690046072006,"outTangent":-0.10553690046072006,"time":0.3202446699142456,"value":0.49615511298179629},{"inTangent":-0.8064171075820923,"outTangent":-0.8064171075820923,"time":1.0,"value":0.0}]},"curveMax":{"__class__":"gd3d.framework.AnimationCurve1","postWrapMode":8,"preWrapMode":8,"keys":[{"inTangent":1.2235294580459595,"outTangent":1.2235294580459595,"time":0.0,"value":0.0},{"inTangent":-0.10553690046072006,"outTangent":-0.10553690046072006,"time":0.3202446699142456,"value":0.49615511298179629},{"inTangent":-0.8064171075820923,"outTangent":-0.8064171075820923,"time":1.0,"value":0.0}]},"curveMin":{"__class__":"gd3d.framework.AnimationCurve1","postWrapMode":0,"preWrapMode":0,"keys":[]},"curveMultiplier":1.0,"mode":1},"x":{"__class__":"gd3d.framework.MinMaxCurve","constant":0.0,"constantMax":0.0,"constantMin":0.0,"curve":{"__class__":"gd3d.framework.AnimationCurve1","postWrapMode":8,"preWrapMode":8,"keys":[{"inTangent":1.2235294580459595,"outTangent":1.2235294580459595,"time":0.0,"value":0.0},{"inTangent":-0.10553690046072006,"outTangent":-0.10553690046072006,"time":0.3202446699142456,"value":0.49615511298179629},{"inTangent":-0.8064171075820923,"outTangent":-0.8064171075820923,"time":1.0,"value":0.0}]},"curveMax":{"__class__":"gd3d.framework.AnimationCurve1","postWrapMode":8,"preWrapMode":8,"keys":[{"inTangent":1.2235294580459595,"outTangent":1.2235294580459595,"time":0.0,"value":0.0},{"inTangent":-0.10553690046072006,"outTangent":-0.10553690046072006,"time":0.3202446699142456,"value":0.49615511298179629},{"inTangent":-0.8064171075820923,"outTangent":-0.8064171075820923,"time":1.0,"value":0.0}]},"curveMin":{"__class__":"gd3d.framework.AnimationCurve1","postWrapMode":0,"preWrapMode":0,"keys":[]},"curveMultiplier":1.0,"mode":1},"y":{"__class__":"gd3d.framework.MinMaxCurve","constant":0.0,"constantMax":0.0,"constantMin":0.0,"curve":{"__class__":"gd3d.framework.AnimationCurve1","postWrapMode":8,"preWrapMode":8,"keys":[{"inTangent":0.0,"outTangent":1.0,"time":0.0,"value":0.0},{"inTangent":1.0,"outTangent":0.0,"time":1.0,"value":1.0}]},"curveMax":{"__class__":"gd3d.framework.AnimationCurve1","postWrapMode":8,"preWrapMode":8,"keys":[{"inTangent":0.0,"outTangent":1.0,"time":0.0,"value":0.0},{"inTangent":1.0,"outTangent":0.0,"time":1.0,"value":1.0}]},"curveMin":{"__class__":"gd3d.framework.AnimationCurve1","postWrapMode":0,"preWrapMode":0,"keys":[]},"curveMultiplier":1.0,"mode":1},"z":{"__class__":"gd3d.framework.MinMaxCurve","constant":0.0,"constantMax":0.0,"constantMin":0.0,"curve":{"__class__":"gd3d.framework.AnimationCurve1","postWrapMode":8,"preWrapMode":8,"keys":[{"inTangent":0.0,"outTangent":1.0,"time":0.0,"value":0.0},{"inTangent":1.0,"outTangent":0.0,"time":1.0,"value":1.0}]},"curveMax":{"__class__":"gd3d.framework.AnimationCurve1","postWrapMode":8,"preWrapMode":8,"keys":[{"inTangent":0.0,"outTangent":1.0,"time":0.0,"value":0.0},{"inTangent":1.0,"outTangent":0.0,"time":1.0,"value":1.0}]},"curveMin":{"__class__":"gd3d.framework.AnimationCurve1","postWrapMode":0,"preWrapMode":0,"keys":[]},"curveMultiplier":1.0,"mode":1}},"sizeBySpeed":{"enabled":false,"range":{"x":0.0,"y":1.0},"separateAxes":false,"size":{"__class__":"gd3d.framework.MinMaxCurve","constant":0.0,"constantMax":0.0,"constantMin":0.0,"curve":{"__class__":"gd3d.framework.AnimationCurve1","postWrapMode":8,"preWrapMode":8,"keys":[{"inTangent":0.0,"outTangent":1.0,"time":0.0,"value":0.0},{"inTangent":1.0,"outTangent":0.0,"time":1.0,"value":1.0}]},"curveMax":{"__class__":"gd3d.framework.AnimationCurve1","postWrapMode":8,"preWrapMode":8,"keys":[{"inTangent":0.0,"outTangent":1.0,"time":0.0,"value":0.0},{"inTangent":1.0,"outTangent":0.0,"time":1.0,"value":1.0}]},"curveMin":{"__class__":"gd3d.framework.AnimationCurve1","postWrapMode":0,"preWrapMode":0,"keys":[]},"curveMultiplier":1.0,"mode":1},"x":{"__class__":"gd3d.framework.MinMaxCurve","constant":0.0,"constantMax":0.0,"constantMin":0.0,"curve":{"__class__":"gd3d.framework.AnimationCurve1","postWrapMode":8,"preWrapMode":8,"keys":[{"inTangent":0.0,"outTangent":1.0,"time":0.0,"value":0.0},{"inTangent":1.0,"outTangent":0.0,"time":1.0,"value":1.0}]},"curveMax":{"__class__":"gd3d.framework.AnimationCurve1","postWrapMode":8,"preWrapMode":8,"keys":[{"inTangent":0.0,"outTangent":1.0,"time":0.0,"value":0.0},{"inTangent":1.0,"outTangent":0.0,"time":1.0,"value":1.0}]},"curveMin":{"__class__":"gd3d.framework.AnimationCurve1","postWrapMode":0,"preWrapMode":0,"keys":[]},"curveMultiplier":1.0,"mode":1},"y":{"__class__":"gd3d.framework.MinMaxCurve","constant":0.0,"constantMax":0.0,"constantMin":0.0,"curve":{"__class__":"gd3d.framework.AnimationCurve1","postWrapMode":8,"preWrapMode":8,"keys":[{"inTangent":0.0,"outTangent":1.0,"time":0.0,"value":0.0},{"inTangent":1.0,"outTangent":0.0,"time":1.0,"value":1.0}]},"curveMax":{"__class__":"gd3d.framework.AnimationCurve1","postWrapMode":8,"preWrapMode":8,"keys":[{"inTangent":0.0,"outTangent":1.0,"time":0.0,"value":0.0},{"inTangent":1.0,"outTangent":0.0,"time":1.0,"value":1.0}]},"curveMin":{"__class__":"gd3d.framework.AnimationCurve1","postWrapMode":0,"preWrapMode":0,"keys":[]},"curveMultiplier":1.0,"mode":1},"z":{"__class__":"gd3d.framework.MinMaxCurve","constant":0.0,"constantMax":0.0,"constantMin":0.0,"curve":{"__class__":"gd3d.framework.AnimationCurve1","postWrapMode":8,"preWrapMode":8,"keys":[{"inTangent":0.0,"outTangent":1.0,"time":0.0,"value":0.0},{"inTangent":1.0,"outTangent":0.0,"time":1.0,"value":1.0}]},"curveMax":{"__class__":"gd3d.framework.AnimationCurve1","postWrapMode":8,"preWrapMode":8,"keys":[{"inTangent":0.0,"outTangent":1.0,"time":0.0,"value":0.0},{"inTangent":1.0,"outTangent":0.0,"time":1.0,"value":1.0}]},"curveMin":{"__class__":"gd3d.framework.AnimationCurve1","postWrapMode":0,"preWrapMode":0,"keys":[]},"curveMultiplier":1.0,"mode":1}},"rotationOverLifetime":{"enabled":false,"separateAxes":false,"x":{"__class__":"gd3d.framework.MinMaxCurve","constant":0.0,"constantMax":0.0,"constantMin":0.0,"curve":{"__class__":"gd3d.framework.AnimationCurve1","postWrapMode":0,"preWrapMode":0,"keys":[]},"curveMax":{"__class__":"gd3d.framework.AnimationCurve1","postWrapMode":0,"preWrapMode":0,"keys":[]},"curveMin":{"__class__":"gd3d.framework.AnimationCurve1","postWrapMode":0,"preWrapMode":0,"keys":[]},"curveMultiplier":0.0,"mode":0},"y":{"__class__":"gd3d.framework.MinMaxCurve","constant":0.0,"constantMax":0.0,"constantMin":0.0,"curve":{"__class__":"gd3d.framework.AnimationCurve1","postWrapMode":0,"preWrapMode":0,"keys":[]},"curveMax":{"__class__":"gd3d.framework.AnimationCurve1","postWrapMode":0,"preWrapMode":0,"keys":[]},"curveMin":{"__class__":"gd3d.framework.AnimationCurve1","postWrapMode":0,"preWrapMode":0,"keys":[]},"curveMultiplier":0.0,"mode":0},"z":{"__class__":"gd3d.framework.MinMaxCurve","constant":45.0,"constantMax":45.0,"constantMin":0.0,"curve":{"__class__":"gd3d.framework.AnimationCurve1","postWrapMode":0,"preWrapMode":0,"keys":[]},"curveMax":{"__class__":"gd3d.framework.AnimationCurve1","postWrapMode":0,"preWrapMode":0,"keys":[]},"curveMin":{"__class__":"gd3d.framework.AnimationCurve1","postWrapMode":0,"preWrapMode":0,"keys":[]},"curveMultiplier":0.0,"mode":0}},"rotationBySpeed":{"enabled":false,"range":{"x":0.0,"y":1.0},"separateAxes":false,"x":{"__class__":"gd3d.framework.MinMaxCurve","constant":0.0,"constantMax":0.0,"constantMin":0.0,"curve":{"__class__":"gd3d.framework.AnimationCurve1","postWrapMode":0,"preWrapMode":0,"keys":[]},"curveMax":{"__class__":"gd3d.framework.AnimationCurve1","postWrapMode":0,"preWrapMode":0,"keys":[]},"curveMin":{"__class__":"gd3d.framework.AnimationCurve1","postWrapMode":0,"preWrapMode":0,"keys":[]},"curveMultiplier":0.0,"mode":0},"y":{"__class__":"gd3d.framework.MinMaxCurve","constant":0.0,"constantMax":0.0,"constantMin":0.0,"curve":{"__class__":"gd3d.framework.AnimationCurve1","postWrapMode":0,"preWrapMode":0,"keys":[]},"curveMax":{"__class__":"gd3d.framework.AnimationCurve1","postWrapMode":0,"preWrapMode":0,"keys":[]},"curveMin":{"__class__":"gd3d.framework.AnimationCurve1","postWrapMode":0,"preWrapMode":0,"keys":[]},"curveMultiplier":0.0,"mode":0},"z":{"__class__":"gd3d.framework.MinMaxCurve","constant":45.0,"constantMax":45.0,"constantMin":0.0,"curve":{"__class__":"gd3d.framework.AnimationCurve1","postWrapMode":0,"preWrapMode":0,"keys":[]},"curveMax":{"__class__":"gd3d.framework.AnimationCurve1","postWrapMode":0,"preWrapMode":0,"keys":[]},"curveMin":{"__class__":"gd3d.framework.AnimationCurve1","postWrapMode":0,"preWrapMode":0,"keys":[]},"curveMultiplier":0.0,"mode":0}},"textureSheetAnimation":{"animation":0,"cycleCount":1,"enabled":false,"flipU":0.0,"flipV":0.0,"frameOverTime":{"__class__":"gd3d.framework.MinMaxCurve","constant":0.0,"constantMax":0.0,"constantMin":0.0,"curve":{"__class__":"gd3d.framework.AnimationCurve1","postWrapMode":8,"preWrapMode":8,"keys":[{"inTangent":0.0,"outTangent":1.0,"time":0.0,"value":0.0},{"inTangent":1.0,"outTangent":0.0,"time":1.0,"value":1.0}]},"curveMax":{"__class__":"gd3d.framework.AnimationCurve1","postWrapMode":8,"preWrapMode":8,"keys":[{"inTangent":0.0,"outTangent":1.0,"time":0.0,"value":0.0},{"inTangent":1.0,"outTangent":0.0,"time":1.0,"value":1.0}]},"curveMin":{"__class__":"gd3d.framework.AnimationCurve1","postWrapMode":0,"preWrapMode":0,"keys":[]},"curveMultiplier":0.9998999834060669,"mode":1},"numTilesX":1,"numTilesY":1,"rowIndex":0,"startFrame":{"__class__":"gd3d.framework.MinMaxCurve","constant":0.0,"constantMax":0.0,"constantMin":0.0,"curve":{"__class__":"gd3d.framework.AnimationCurve1","postWrapMode":0,"preWrapMode":0,"keys":[]},"curveMax":{"__class__":"gd3d.framework.AnimationCurve1","postWrapMode":0,"preWrapMode":0,"keys":[]},"curveMin":{"__class__":"gd3d.framework.AnimationCurve1","postWrapMode":0,"preWrapMode":0,"keys":[]},"curveMultiplier":0.0,"mode":0},"useRandomRow":true,"uvChannelMask":-1}}