{"value":{"name":{"value":"Particle_Dust_Disable","type":"string","parse":"direct"},"localRotate":{"value":{"x":{"value":0,"type":"number","parse":"direct"},"y":{"value":0,"type":"number","parse":"direct"},"z":{"value":0,"type":"number","parse":"direct"},"w":{"value":1,"type":"number","parse":"direct"}},"type":"quaternion","parse":"direct"},"localTranslate":{"value":{"x":{"value":0,"type":"number","parse":"direct"},"y":{"value":0,"type":"number","parse":"direct"},"z":{"value":0,"type":"number","parse":"direct"}},"type":"vector3","parse":"direct"},"localScale":{"value":{"x":{"value":1,"type":"number","parse":"direct"},"y":{"value":1,"type":"number","parse":"direct"},"z":{"value":1,"type":"number","parse":"direct"}},"type":"vector3","parse":"direct"},"gameObject":{"value":{"layer":{"value":0,"type":"number","parse":"direct"},"tag":{"value":"Untagged","type":"string","parse":"direct"},"components":{"value":[{"value":{"comp":{"value":{"particleSystemData":{"value":"15742.particlesystem.json","type":"ParticleSystemData","parse":"nameonly"},"material":{"value":"SFX_HaloWhite.mat.json","type":"material","parse":"nameonly"}},"type":"particlesystem","parse":"direct"}},"type":"nodeComponent","parse":"direct"}],"type":"nodeComponent[]","parse":"direct"}},"type":"gameObject","parse":"direct"}},"type":"transform","parse":"direct","insid":15744}