{"value":{"prefab":{"value":"/Resources/auiPre/ui/progressBar","type":"string","parse":"direct"},"layer":{"value":0,"type":"number","parse":"direct"},"tag":{"value":"Untagged","type":"string","parse":"direct"},"name":{"value":"progressBar","type":"string","parse":"direct"},"isStatic":{"value":false,"type":"boolean","parse":"direct"},"children":{"value":[{"value":{"prefab":{"value":"","type":"string","parse":"direct"},"layer":{"value":0,"type":"number","parse":"direct"},"tag":{"value":"Untagged","type":"string","parse":"direct"},"name":{"value":"progressBar","type":"string","parse":"direct"},"isStatic":{"value":false,"type":"boolean","parse":"direct"},"children":{"value":[{"value":{"prefab":{"value":"","type":"string","parse":"direct"},"layer":{"value":0,"type":"number","parse":"direct"},"tag":{"value":"Untagged","type":"string","parse":"direct"},"name":{"value":"cut","type":"string","parse":"direct"},"isStatic":{"value":false,"type":"boolean","parse":"direct"},"children":{"value":[{"value":{"prefab":{"value":"","type":"string","parse":"direct"},"layer":{"value":0,"type":"number","parse":"direct"},"tag":{"value":"Untagged","type":"string","parse":"direct"},"name":{"value":"overbar","type":"string","parse":"direct"},"isStatic":{"value":false,"type":"boolean","parse":"direct"},"children":{"value":[],"type":"transform2D[]","parse":"direct"},"width":{"value":160,"type":"number","parse":"direct"},"height":{"value":20,"type":"number","parse":"direct"},"pivot":{"value":{"x":{"value":0,"type":"number","parse":"direct"},"y":{"value":0,"type":"number","parse":"direct"}},"type":"vector2","parse":"direct"},"_visible":{"value":true,"type":"boolean","parse":"direct"},"localTranslate":{"value":{"x":{"value":0,"type":"number","parse":"direct"},"y":{"value":0,"type":"number","parse":"direct"}},"type":"vector2","parse":"direct"},"localScale":{"value":{"x":{"value":1,"type":"number","parse":"direct"},"y":{"value":1,"type":"number","parse":"direct"}},"type":"vector2","parse":"direct"},"localRotate":{"value":0,"type":"number","parse":"direct"},"isMask":{"value":false,"type":"boolean","parse":"direct"},"components":{"value":[{"value":{"comp":{"value":{"color":{"value":{"r":{"value":1,"type":"number","parse":"direct"},"g":{"value":1,"type":"number","parse":"direct"},"b":{"value":1,"type":"number","parse":"direct"},"a":{"value":1,"type":"number","parse":"direct"}},"type":"color","parse":"direct"},"imageType":{"value":0,"type":"number","parse":"direct"},"fillMethod":{"value":0,"type":"number","parse":"direct"},"fillAmmount":{"value":1,"type":"number","parse":"direct"},"_spriteName":{"value":"common.atlas.json_common_pic_renwujindu","type":"string","parse":"direct"},"_imageBorder":{"value":{"l":{"value":0,"type":"number","parse":"direct"},"t":{"value":0,"type":"number","parse":"direct"},"r":{"value":0,"type":"number","parse":"direct"},"b":{"value":0,"type":"number","parse":"direct"}},"type":"border","parse":"direct"}},"type":"image2D","parse":"direct"}},"type":"C2DComponent","parse":"direct"}],"type":"C2DComponent[]","parse":"direct"},"layoutState":{"value":11,"type":"number","parse":"direct"},"layoutValueMap":{"value":{"1":{"value":0,"type":"number","parse":"direct"},"2":{"value":0,"type":"number","parse":"direct"},"8":{"value":0,"type":"number","parse":"direct"}},"type":"numberdic","parse":"direct"},"layoutPercentState":{"value":0,"type":"number","parse":"direct"}},"type":"transform2D","parse":"direct","insid":225}],"type":"transform2D[]","parse":"direct"},"width":{"value":96,"type":"number","parse":"direct"},"height":{"value":20,"type":"number","parse":"direct"},"pivot":{"value":{"x":{"value":0,"type":"number","parse":"direct"},"y":{"value":0,"type":"number","parse":"direct"}},"type":"vector2","parse":"direct"},"_visible":{"value":true,"type":"boolean","parse":"direct"},"localTranslate":{"value":{"x":{"value":0,"type":"number","parse":"direct"},"y":{"value":0,"type":"number","parse":"direct"}},"type":"vector2","parse":"direct"},"localScale":{"value":{"x":{"value":1,"type":"number","parse":"direct"},"y":{"value":1,"type":"number","parse":"direct"}},"type":"vector2","parse":"direct"},"localRotate":{"value":0,"type":"number","parse":"direct"},"isMask":{"value":true,"type":"boolean","parse":"direct"},"components":{"value":[],"type":"C2DComponent[]","parse":"direct"},"layoutState":{"value":11,"type":"number","parse":"direct"},"layoutValueMap":{"value":{"1":{"value":0,"type":"number","parse":"direct"},"2":{"value":0,"type":"number","parse":"direct"},"8":{"value":0,"type":"number","parse":"direct"}},"type":"numberdic","parse":"direct"},"layoutPercentState":{"value":0,"type":"number","parse":"direct"}},"type":"transform2D","parse":"direct","insid":224}],"type":"transform2D[]","parse":"direct"},"width":{"value":160,"type":"number","parse":"direct"},"height":{"value":20,"type":"number","parse":"direct"},"pivot":{"value":{"x":{"value":0,"type":"number","parse":"direct"},"y":{"value":0,"type":"number","parse":"direct"}},"type":"vector2","parse":"direct"},"_visible":{"value":true,"type":"boolean","parse":"direct"},"localTranslate":{"value":{"x":{"value":0,"type":"number","parse":"direct"},"y":{"value":0,"type":"number","parse":"direct"}},"type":"vector2","parse":"direct"},"localScale":{"value":{"x":{"value":1,"type":"number","parse":"direct"},"y":{"value":1,"type":"number","parse":"direct"}},"type":"vector2","parse":"direct"},"localRotate":{"value":0,"type":"number","parse":"direct"},"isMask":{"value":false,"type":"boolean","parse":"direct"},"components":{"value":[{"value":{"comp":{"value":{"cutPanel":{"value":224,"type":"transform2D","parse":"reference"},"barBg":{"value":223,"type":"image2D","parse":"reference"},"barOverImg":{"value":225,"type":"image2D","parse":"reference"},"value":{"value":0.6,"type":"number","parse":"direct"}},"type":"progressbar","parse":"direct"}},"type":"C2DComponent","parse":"direct"},{"value":{"comp":{"value":{"color":{"value":{"r":{"value":0.6,"type":"number","parse":"direct"},"g":{"value":0.6,"type":"number","parse":"direct"},"b":{"value":0.6,"type":"number","parse":"direct"},"a":{"value":1,"type":"number","parse":"direct"}},"type":"color","parse":"direct"},"imageType":{"value":0,"type":"number","parse":"direct"},"fillMethod":{"value":0,"type":"number","parse":"direct"},"fillAmmount":{"value":1,"type":"number","parse":"direct"},"_spriteName":{"value":"common.atlas.json_common_pic_renwujindudi","type":"string","parse":"direct"},"_imageBorder":{"value":{"l":{"value":0,"type":"number","parse":"direct"},"t":{"value":0,"type":"number","parse":"direct"},"r":{"value":0,"type":"number","parse":"direct"},"b":{"value":0,"type":"number","parse":"direct"}},"type":"border","parse":"direct"}},"type":"image2D","parse":"direct"}},"type":"C2DComponent","parse":"direct"}],"type":"C2DComponent[]","parse":"direct"},"layoutState":{"value":48,"type":"number","parse":"direct"},"layoutValueMap":{"value":{"16":{"value":0,"type":"number","parse":"direct"},"32":{"value":0,"type":"number","parse":"direct"}},"type":"numberdic","parse":"direct"},"layoutPercentState":{"value":0,"type":"number","parse":"direct"}},"type":"transform2D","parse":"direct","insid":223}],"type":"transform2D[]","parse":"direct"},"width":{"value":160,"type":"number","parse":"direct"},"height":{"value":20,"type":"number","parse":"direct"},"pivot":{"value":{"x":{"value":0,"type":"number","parse":"direct"},"y":{"value":0,"type":"number","parse":"direct"}},"type":"vector2","parse":"direct"},"_visible":{"value":true,"type":"boolean","parse":"direct"},"localTranslate":{"value":{"x":{"value":480.5,"type":"number","parse":"direct"},"y":{"value":350,"type":"number","parse":"direct"}},"type":"vector2","parse":"direct"},"localScale":{"value":{"x":{"value":1,"type":"number","parse":"direct"},"y":{"value":1,"type":"number","parse":"direct"}},"type":"vector2","parse":"direct"},"localRotate":{"value":0,"type":"number","parse":"direct"},"isMask":{"value":false,"type":"boolean","parse":"direct"},"components":{"value":[],"type":"C2DComponent[]","parse":"direct"},"layoutState":{"value":48,"type":"number","parse":"direct"},"layoutValueMap":{"value":{"16":{"value":0,"type":"number","parse":"direct"},"32":{"value":0,"type":"number","parse":"direct"}},"type":"numberdic","parse":"direct"},"layoutPercentState":{"value":0,"type":"number","parse":"direct"}},"type":"transform2D","parse":"direct","insid":220}