{"value":{"prefab":{"value":"/Resources/auiPre/ui/button","type":"string","parse":"direct"},"layer":{"value":0,"type":"number","parse":"direct"},"tag":{"value":"Untagged","type":"string","parse":"direct"},"name":{"value":"button","type":"string","parse":"direct"},"isStatic":{"value":false,"type":"boolean","parse":"direct"},"children":{"value":[{"value":{"prefab":{"value":"/Resources/auiPre/ui/button","type":"string","parse":"direct"},"layer":{"value":0,"type":"number","parse":"direct"},"tag":{"value":"Untagged","type":"string","parse":"direct"},"name":{"value":"label","type":"string","parse":"direct"},"isStatic":{"value":false,"type":"boolean","parse":"direct"},"children":{"value":[],"type":"transform2D[]","parse":"direct"},"width":{"value":160,"type":"number","parse":"direct"},"height":{"value":30,"type":"number","parse":"direct"},"pivot":{"value":{"x":{"value":0,"type":"number","parse":"direct"},"y":{"value":0,"type":"number","parse":"direct"}},"type":"vector2","parse":"direct"},"_visible":{"value":true,"type":"boolean","parse":"direct"},"localTranslate":{"value":{"x":{"value":0,"type":"number","parse":"direct"},"y":{"value":0,"type":"number","parse":"direct"}},"type":"vector2","parse":"direct"},"localScale":{"value":{"x":{"value":1,"type":"number","parse":"direct"},"y":{"value":1,"type":"number","parse":"direct"}},"type":"vector2","parse":"direct"},"localRotate":{"value":0,"type":"number","parse":"direct"},"isMask":{"value":false,"type":"boolean","parse":"direct"},"components":{"value":[{"value":{"comp":{"value":{"text":{"value":"Button","type":"string","parse":"direct"},"_fontName":{"value":"defFont.font.json","type":"string","parse":"direct"},"fontsize":{"value":24,"type":"number","parse":"direct"},"linespace":{"value":1,"type":"number","parse":"direct"},"horizontalType":{"value":0,"type":"number","parse":"direct"},"verticalType":{"value":0,"type":"number","parse":"direct"},"horizontalOverflow":{"value":false,"type":"boolean","parse":"direct"},"verticalOverflow":{"value":false,"type":"boolean","parse":"direct"},"color":{"value":{"r":{"value":0.2,"type":"number","parse":"direct"},"g":{"value":0.2,"type":"number","parse":"direct"},"b":{"value":0.2,"type":"number","parse":"direct"},"a":{"value":1,"type":"number","parse":"direct"}},"type":"color","parse":"direct"},"color2":{"value":{"r":{"value":0,"type":"number","parse":"direct"},"g":{"value":0,"type":"number","parse":"direct"},"b":{"value":0.5,"type":"number","parse":"direct"},"a":{"value":0.5,"type":"number","parse":"direct"}},"type":"color","parse":"direct"}},"type":"label","parse":"direct"}},"type":"C2DComponent","parse":"direct"}],"type":"C2DComponent[]","parse":"direct"},"layoutState":{"value":15,"type":"number","parse":"direct"},"layoutValueMap":{"value":{"1":{"value":0,"type":"number","parse":"direct"},"2":{"value":0,"type":"number","parse":"direct"},"4":{"value":0,"type":"number","parse":"direct"},"8":{"value":0,"type":"number","parse":"direct"}},"type":"numberdic","parse":"direct"},"layoutPercentState":{"value":0,"type":"number","parse":"direct"}},"type":"transform2D","parse":"direct","insid":205}],"type":"transform2D[]","parse":"direct"},"width":{"value":160,"type":"number","parse":"direct"},"height":{"value":30,"type":"number","parse":"direct"},"pivot":{"value":{"x":{"value":0,"type":"number","parse":"direct"},"y":{"value":0,"type":"number","parse":"direct"}},"type":"vector2","parse":"direct"},"_visible":{"value":true,"type":"boolean","parse":"direct"},"localTranslate":{"value":{"x":{"value":480.5,"type":"number","parse":"direct"},"y":{"value":345,"type":"number","parse":"direct"}},"type":"vector2","parse":"direct"},"localScale":{"value":{"x":{"value":1,"type":"number","parse":"direct"},"y":{"value":1,"type":"number","parse":"direct"}},"type":"vector2","parse":"direct"},"localRotate":{"value":0,"type":"number","parse":"direct"},"isMask":{"value":false,"type":"boolean","parse":"direct"},"components":{"value":[{"value":{"comp":{"value":{"transition":{"value":1,"type":"number","parse":"direct"},"_origianlSpriteName":{"value":"white_sprite","type":"string","parse":"direct"},"_pressedSpriteName":{"value":"","type":"string","parse":"direct"},"targetImage":{"value":204,"type":"image2D","parse":"reference"},"normalColor":{"value":{"r":{"value":1,"type":"number","parse":"direct"},"g":{"value":1,"type":"number","parse":"direct"},"b":{"value":1,"type":"number","parse":"direct"},"a":{"value":1,"type":"number","parse":"direct"}},"type":"color","parse":"direct"},"pressedColor":{"value":{"r":{"value":0.5,"type":"number","parse":"direct"},"g":{"value":0.5,"type":"number","parse":"direct"},"b":{"value":0.5,"type":"number","parse":"direct"},"a":{"value":1,"type":"number","parse":"direct"}},"type":"color","parse":"direct"},"fadeDuration":{"value":0.1,"type":"number","parse":"direct"}},"type":"button","parse":"direct"}},"type":"C2DComponent","parse":"direct"},{"value":{"comp":{"value":{"color":{"value":{"r":{"value":1,"type":"number","parse":"direct"},"g":{"value":1,"type":"number","parse":"direct"},"b":{"value":1,"type":"number","parse":"direct"},"a":{"value":1,"type":"number","parse":"direct"}},"type":"color","parse":"direct"},"imageType":{"value":0,"type":"number","parse":"direct"},"fillMethod":{"value":0,"type":"number","parse":"direct"},"fillAmmount":{"value":1,"type":"number","parse":"direct"},"_spriteName":{"value":"common.atlas.json_common_btn_tchuang","type":"string","parse":"direct"},"_imageBorder":{"value":{"l":{"value":0,"type":"number","parse":"direct"},"t":{"value":0,"type":"number","parse":"direct"},"r":{"value":0,"type":"number","parse":"direct"},"b":{"value":0,"type":"number","parse":"direct"}},"type":"border","parse":"direct"}},"type":"image2D","parse":"direct"}},"type":"C2DComponent","parse":"direct"}],"type":"C2DComponent[]","parse":"direct"},"layoutState":{"value":48,"type":"number","parse":"direct"},"layoutValueMap":{"value":{"16":{"value":0,"type":"number","parse":"direct"},"32":{"value":0,"type":"number","parse":"direct"}},"type":"numberdic","parse":"direct"},"layoutPercentState":{"value":0,"type":"number","parse":"direct"}},"type":"transform2D","parse":"direct","insid":204}