{"inputField.cprefab.json":"{\"cls\":\"transform2D\",\"insid\":183,\"prefab\":\"/Resources/auiPre/ui/inputField\",\"layer\":0,\"tag\":\"Untagged\",\"name\":\"inputField\",\"isStatic\":false,\"children\":[{\"cls\":\"transform2D\",\"insid\":184,\"prefab\":\"/Resources/auiPre/ui/inputField\",\"layer\":0,\"tag\":\"Untagged\",\"name\":\"inputField\",\"isStatic\":false,\"children\":[{\"cls\":\"transform2D\",\"insid\":185,\"prefab\":\"/Resources/auiPre/ui/inputField\",\"layer\":0,\"tag\":\"Untagged\",\"name\":\"frameImage\",\"isStatic\":false,\"width\":160,\"height\":30,\"pivot\":{\"cls\":\"vector2\",\"x\":0,\"y\":0},\"_visible\":true,\"localTranslate\":{\"cls\":\"vector2\",\"x\":0,\"y\":0},\"localScale\":{\"cls\":\"vector2\",\"x\":1,\"y\":1},\"localRotate\":0,\"isMask\":false,\"components\":[{\"cls\":\"image2D\",\"color\":{\"cls\":\"color\",\"r\":1,\"g\":1,\"b\":1,\"a\":1},\"imageType\":0,\"fillMethod\":0,\"fillAmmount\":1,\"_spriteName\":\"common.atlas.json_common_kuang_jiage\",\"_imageBorder\":{\"cls\":\"border\",\"l\":0,\"t\":0,\"r\":0,\"b\":0}}],\"layoutState\":15,\"layoutValueMap\":{\"1\":0,\"2\":0,\"4\":0,\"8\":0},\"layoutPercentState\":0},{\"cls\":\"transform2D\",\"insid\":186,\"prefab\":\"/Resources/auiPre/ui/inputField\",\"layer\":0,\"tag\":\"Untagged\",\"name\":\"TextLabel\",\"isStatic\":false,\"width\":160,\"height\":30,\"pivot\":{\"cls\":\"vector2\",\"x\":0,\"y\":0},\"_visible\":true,\"localTranslate\":{\"cls\":\"vector2\",\"x\":0,\"y\":0},\"localScale\":{\"cls\":\"vector2\",\"x\":1,\"y\":1},\"localRotate\":0,\"isMask\":false,\"components\":[{\"cls\":\"label\",\"text\":\"\",\"_fontName\":\"defFont.font.json\",\"fontsize\":24,\"linespace\":1,\"horizontalType\":1,\"verticalType\":0,\"horizontalOverflow\":false,\"verticalOverflow\":false,\"color\":{\"cls\":\"color\",\"r\":1,\"g\":1,\"b\":1,\"a\":1},\"color2\":{\"cls\":\"color\",\"r\":0,\"g\":0,\"b\":0.5,\"a\":0.5}}],\"layoutState\":15,\"layoutValueMap\":{\"1\":0,\"2\":0,\"4\":0,\"8\":0},\"layoutPercentState\":0},{\"cls\":\"transform2D\",\"insid\":187,\"prefab\":\"/Resources/auiPre/ui/inputField\",\"layer\":0,\"tag\":\"Untagged\",\"name\":\"PlaceholderLabel\",\"isStatic\":false,\"width\":160,\"height\":30,\"pivot\":{\"cls\":\"vector2\",\"x\":0,\"y\":0},\"_visible\":true,\"localTranslate\":{\"cls\":\"vector2\",\"x\":0,\"y\":0},\"localScale\":{\"cls\":\"vector2\",\"x\":1,\"y\":1},\"localRotate\":0,\"isMask\":false,\"components\":[{\"cls\":\"label\",\"text\":\"Enter Text...\",\"_fontName\":\"defFont.font.json\",\"fontsize\":24,\"linespace\":1,\"horizontalType\":1,\"verticalType\":0,\"horizontalOverflow\":false,\"verticalOverflow\":false,\"color\":{\"cls\":\"color\",\"r\":0.6,\"g\":0.6,\"b\":0.6,\"a\":1},\"color2\":{\"cls\":\"color\",\"r\":0,\"g\":0,\"b\":0.5,\"a\":0.5}}],\"layoutState\":15,\"layoutValueMap\":{\"1\":0,\"2\":0,\"4\":0,\"8\":0},\"layoutPercentState\":0}],\"width\":160,\"height\":30,\"pivot\":{\"cls\":\"vector2\",\"x\":0,\"y\":0},\"_visible\":true,\"localTranslate\":{\"cls\":\"vector2\",\"x\":0,\"y\":0},\"localScale\":{\"cls\":\"vector2\",\"x\":1,\"y\":1},\"localRotate\":0,\"isMask\":false,\"components\":[{\"cls\":\"inputField\",\"frameImage\":{\"cls\":\"image2D\",\"refid\":185},\"characterLimit\":0,\"LineType\":0,\"ContentType\":0,\"TextLabel\":{\"cls\":\"label\",\"refid\":186},\"PlaceholderLabel\":{\"cls\":\"label\",\"refid\":187}}],\"layoutState\":48,\"layoutValueMap\":{\"16\":0,\"32\":0},\"layoutPercentState\":0}],\"width\":160,\"height\":30,\"pivot\":{\"cls\":\"vector2\",\"x\":0,\"y\":0},\"_visible\":true,\"localTranslate\":{\"cls\":\"vector2\",\"x\":480.5,\"y\":345},\"localScale\":{\"cls\":\"vector2\",\"x\":1,\"y\":1},\"localRotate\":0,\"isMask\":false,\"layoutState\":48,\"layoutValueMap\":{\"16\":0,\"32\":0},\"layoutPercentState\":0}"}