{"rawImage2D.cprefab.json":"{\"cls\":\"transform2D\",\"insid\":222,\"prefab\":\"/Resources/auiPre/ui/rawImage2D\",\"layer\":0,\"tag\":\"Untagged\",\"name\":\"rawImage2D\",\"isStatic\":false,\"width\":100,\"height\":100,\"pivot\":{\"cls\":\"vector2\",\"x\":0,\"y\":0},\"_visible\":true,\"localTranslate\":{\"cls\":\"vector2\",\"x\":510.5,\"y\":310},\"localScale\":{\"cls\":\"vector2\",\"x\":1,\"y\":1},\"localRotate\":0,\"isMask\":false,\"components\":[{\"cls\":\"rawImage2D\",\"image\":{\"cls\":\"texture\",\"value\":\"SystemDefaultAsset-white\"},\"color\":{\"cls\":\"color\",\"r\":1,\"g\":1,\"b\":1,\"a\":1}}],\"layoutState\":48,\"layoutValueMap\":{\"16\":0,\"32\":0},\"layoutPercentState\":0}"}