{"common.atlas.json":"{\"t\":\"common.imgdesc.json\",\"w\":1024,\"h\":2048,\"s\":[[[\"shezhi_btn_off\"],928,1331,48,48],[[\"shezhi_btn_kai\"],853,461,120,48],[[\"shezhi_btn_on\"],925,1402,48,48],[[\"shop_pic_huoqu\"],569,1159,226,78],[[\"common_bg_kuang\"],853,985,100,100],[[\"common_btn_shengji\"],853,175,116,124],[[\"common_btn_close\"],853,1331,73,69],[[\"common_btn_xiufu\"],453,1473,152,52],[[\"common_btn_add\"],853,1253,76,76],[[\"common_btn_shop\"],853,301,116,124],[[\"common_btn_tchuang\"],559,1261,226,78],[[\"common_kuang_money\"],853,143,140,30],[[\"common_btn_start\"],281,1261,276,130],[[\"common_kuang_jiage\"],603,837,166,36],[[\"common_btn_tanchuang\"],281,1393,226,78],[[\"common_kuang_touxiang\"],853,1087,82,82],[[\"common_pic_bei\"],937,1127,50,26],[[\"common_pic_baoshi\"],937,1087,52,38],[[\"common_pic_back\"],281,1473,170,54],[[\"common_pic_bei3\"],853,1402,70,70],[[\"common_pic_bei2\"],737,1393,70,70],[[\"common_pic_bei0\"],1,1541,70,70],[[\"common_pic_bei4\"],73,1541,70,70],[[\"common_pic_bei5\"],145,1541,70,70],[[\"common_pic_bei1\"],217,1541,70,70],[[\"common_btn_tanchuang0\"],509,1393,226,78],[[\"common_pic_bei6\"],289,1541,70,70],[[\"common_pic_bei7\"],361,1541,70,70],[[\"common_pic_bei8\"],433,1541,70,70],[[\"common_pic_black80\"],971,227,20,20],[[\"common_pic_bei9\"],505,1541,70,70],[[\"common_pic_coin\"],955,1037,38,38],[[\"common_pic_haoyou\"],853,1474,44,44],[[\"common_pic_fenxiang\"],899,1474,44,44],[[\"common_pic_guang\"],603,595,240,240],[[\"common_pic_guanggao\"],945,1474,44,44],[[\"common_pic_beix\"],577,1541,70,70],[[\"common_pic_jiantou\"],959,561,28,60],[[\"common_pic_neirongbg\"],1,1159,566,100],[[\"common_pic_redpoint\"],959,623,30,30],[[\"common_pic_renwujindu\"],559,1341,154,12],[[\"common_pic_liangfang\"],603,1059,240,92],[[\"common_pic_touxiang3\"],853,561,104,104],[[\"common_pic_renwujindudi\"],569,1239,155,13],[[\"common_pic_touxiang2\"],853,667,104,104],[[\"common_pic_tanchuang\"],1,1,842,592],[[\"common_pic_ye0\"],982,249,9,8],[[\"game_btn_lingqu\"],853,427,122,32],[[\"common_pic_touxiang4\"],853,773,104,104],[[\"common_pic_tanchuangbg\"],853,1171,80,80],[[\"hudong_pic_leidaxian\"],845,1,6,401],[[\"common_pic_ye1\"],971,249,9,9],[[\"common_pic_zairu\"],853,1,140,140],[[\"common_pic_touxiang\"],853,879,104,104],[[\"hudong_pic_leida\"],1,1261,278,278],[[\"shengji_pic_dengji0\"],959,773,33,51],[[\"shengji_pic_dengji2\"],959,826,33,51],[[\"shengji_pic_dengji4\"],955,985,36,50],[[\"hudong_pic_saomiao\"],1,595,600,280],[[\"shengji_pic_dengji5\"],959,932,34,50],[[\"shengji_pic_dengji1\"],971,175,18,50],[[\"shengji_pic_dengji9\"],959,879,33,51],[[\"shengji_pic_dengji6\"],959,667,34,51],[[\"shengji_pic_dengji3\"],935,1171,32,50],[[\"shengji_pic_dengji7\"],931,1253,33,49],[[\"shezhi_btn_guan\"],853,511,120,48],[[\"shengji_pic_dengji8\"],959,720,34,51],[[\"common_pic_shark\"],603,877,240,180],[[\"hudong_pic_moshi\"],1,877,600,280]]}","common.imgdesc.json":"{\"name\":\"common.png\",\"filterMode\":\"Bilinear\",\"format\":\"RGBA\",\"mipmap\":false,\"wrap\":\"Repeat\",\"premultiplyAlpha\":false}"}